{
  "mappings": {
    "me/linus/momentum/mixins/MixinBossBarOverlay": {
      "renderBossHealth": "Lnet/minecraft/client/gui/GuiBossOverlay;func_184051_a()V"
    },
    "me/linus/momentum/mixins/MixinArmorLayer": {
      "setModelSlotVisible": "Lnet/minecraft/client/renderer/entity/layers/LayerBipedArmor;func_188359_a(Lnet/minecraft/client/model/ModelBiped;Lnet/minecraft/inventory/EntityEquipmentSlot;)V"
    },
    "me/linus/momentum/mixins/MixinMainMenu": {
      "drawScreen": "Lnet/minecraft/client/gui/GuiMainMenu;func_73863_a(IIF)V"
    },
    "me/linus/momentum/mixins/MixinRenderItem": {
      "renderItemModelIntoGUI": "Lnet/minecraft/client/renderer/RenderItem;func_191962_a(Lnet/minecraft/item/ItemStack;IILnet/minecraft/client/renderer/block/model/IBakedModel;)V"
    },
    "me/linus/momentum/mixins/MixinAbstractClientPlayer": {
      "getLocationCape": "Lnet/minecraft/client/entity/AbstractClientPlayer;func_110303_q()Lnet/minecraft/util/ResourceLocation;"
    },
    "me/linus/momentum/mixins/MixinPlayer": {
      "jump": "Lnet/minecraft/entity/player/EntityPlayer;func_70664_aZ()V"
    },
    "me/linus/momentum/mixins/MixinNetworkManager": {
      "sendPacket(Lnet/minecraft/network/Packet;)V": "Lnet/minecraft/network/NetworkManager;func_179290_a(Lnet/minecraft/network/Packet;)V",
      "channelRead0": "Lnet/minecraft/network/NetworkManager;channelRead0(Lio/netty/channel/ChannelHandlerContext;Lnet/minecraft/network/Packet;)V"
    },
    "me/linus/momentum/mixins/MixinPlayerMP": {
      "onPlayerDamageBlock": "Lnet/minecraft/client/multiplayer/PlayerControllerMP;func_180512_c(Lnet/minecraft/util/math/BlockPos;Lnet/minecraft/util/EnumFacing;)Z"
    },
    "me/linus/momentum/mixins/MixinInventory": {
      "renderToolTip": "Lnet/minecraft/client/gui/GuiScreen;func_146285_a(Lnet/minecraft/item/ItemStack;II)V"
    },
    "me/linus/momentum/mixins/MixinPlayerControllerMP": {
      "resetBlockRemoving": "Lnet/minecraft/client/multiplayer/PlayerControllerMP;func_78767_c()V",
      "onPlayerDamageBlock(Lnet/minecraft/util/math/BlockPos;Lnet/minecraft/util/EnumFacing;)Z": "Lnet/minecraft/client/multiplayer/PlayerControllerMP;func_180512_c(Lnet/minecraft/util/math/BlockPos;Lnet/minecraft/util/EnumFacing;)Z"
    },
    "me/linus/momentum/mixins/MixinEntityRender": {
      "hurtCameraEffect": "Lnet/minecraft/client/renderer/EntityRenderer;func_78482_e(F)V"
    },
    "me/linus/momentum/mixins/MixinPlayerSP": {
      "move": "Lnet/minecraft/client/entity/EntityPlayerSP;func_70091_d(Lnet/minecraft/entity/MoverType;DDD)V",
      "Lnet/minecraft/client/entity/AbstractClientPlayer;move(Lnet/minecraft/entity/MoverType;DDD)V": "Lnet/minecraft/client/entity/AbstractClientPlayer;func_70091_d(Lnet/minecraft/entity/MoverType;DDD)V"
    },
    "me/linus/momentum/mixins/MixinPlayerModel": {
      "setRotationAngles": "Lnet/minecraft/client/model/ModelPlayer;func_78087_a(FFFFFFLnet/minecraft/entity/Entity;)V"
    }
  },
  "data": {
    "notch": {
      "me/linus/momentum/mixins/MixinBossBarOverlay": {
        "renderBossHealth": "Lbiz;a()V"
      },
      "me/linus/momentum/mixins/MixinArmorLayer": {
        "setModelSlotVisible": "Lccb;a(Lbpx;Lvl;)V"
      },
      "me/linus/momentum/mixins/MixinMainMenu": {
        "drawScreen": "Lblr;a(IIF)V"
      },
      "me/linus/momentum/mixins/MixinRenderItem": {
        "renderItemModelIntoGUI": "Lbzw;a(Laip;IILcfy;)V"
      },
      "me/linus/momentum/mixins/MixinAbstractClientPlayer": {
        "getLocationCape": "Lbua;q()Lnf;"
      },
      "me/linus/momentum/mixins/MixinPlayer": {
        "jump": "Laed;cu()V"
      },
      "me/linus/momentum/mixins/MixinNetworkManager": {
        "sendPacket(Lnet/minecraft/network/Packet;)V": "Lgw;a(Lht;)V",
        "channelRead0": "Lgw;a(Lio/netty/channel/ChannelHandlerContext;Lht;)V"
      },
      "me/linus/momentum/mixins/MixinPlayerMP": {
        "onPlayerDamageBlock": "Lbsa;b(Let;Lfa;)Z"
      },
      "me/linus/momentum/mixins/MixinInventory": {
        "renderToolTip": "Lblk;a(Laip;II)V"
      },
      "me/linus/momentum/mixins/MixinPlayerControllerMP": {
        "resetBlockRemoving": "Lbsa;c()V",
        "onPlayerDamageBlock(Lnet/minecraft/util/math/BlockPos;Lnet/minecraft/util/EnumFacing;)Z": "Lbsa;b(Let;Lfa;)Z"
      },
      "me/linus/momentum/mixins/MixinEntityRender": {
        "hurtCameraEffect": "Lbuq;d(F)V"
      },
      "me/linus/momentum/mixins/MixinPlayerSP": {
        "move": "Lbud;a(Lvv;DDD)V",
        "Lnet/minecraft/client/entity/AbstractClientPlayer;move(Lnet/minecraft/entity/MoverType;DDD)V": "Lbua;a(Lvv;DDD)V"
      },
      "me/linus/momentum/mixins/MixinPlayerModel": {
        "setRotationAngles": "Lbqj;a(FFFFFFLvg;)V"
      }
    },
    "searge": {
      "me/linus/momentum/mixins/MixinBossBarOverlay": {
        "renderBossHealth": "Lnet/minecraft/client/gui/GuiBossOverlay;func_184051_a()V"
      },
      "me/linus/momentum/mixins/MixinArmorLayer": {
        "setModelSlotVisible": "Lnet/minecraft/client/renderer/entity/layers/LayerBipedArmor;func_188359_a(Lnet/minecraft/client/model/ModelBiped;Lnet/minecraft/inventory/EntityEquipmentSlot;)V"
      },
      "me/linus/momentum/mixins/MixinMainMenu": {
        "drawScreen": "Lnet/minecraft/client/gui/GuiMainMenu;func_73863_a(IIF)V"
      },
      "me/linus/momentum/mixins/MixinRenderItem": {
        "renderItemModelIntoGUI": "Lnet/minecraft/client/renderer/RenderItem;func_191962_a(Lnet/minecraft/item/ItemStack;IILnet/minecraft/client/renderer/block/model/IBakedModel;)V"
      },
      "me/linus/momentum/mixins/MixinAbstractClientPlayer": {
        "getLocationCape": "Lnet/minecraft/client/entity/AbstractClientPlayer;func_110303_q()Lnet/minecraft/util/ResourceLocation;"
      },
      "me/linus/momentum/mixins/MixinPlayer": {
        "jump": "Lnet/minecraft/entity/player/EntityPlayer;func_70664_aZ()V"
      },
      "me/linus/momentum/mixins/MixinNetworkManager": {
        "sendPacket(Lnet/minecraft/network/Packet;)V": "Lnet/minecraft/network/NetworkManager;func_179290_a(Lnet/minecraft/network/Packet;)V",
        "channelRead0": "Lnet/minecraft/network/NetworkManager;channelRead0(Lio/netty/channel/ChannelHandlerContext;Lnet/minecraft/network/Packet;)V"
      },
      "me/linus/momentum/mixins/MixinPlayerMP": {
        "onPlayerDamageBlock": "Lnet/minecraft/client/multiplayer/PlayerControllerMP;func_180512_c(Lnet/minecraft/util/math/BlockPos;Lnet/minecraft/util/EnumFacing;)Z"
      },
      "me/linus/momentum/mixins/MixinInventory": {
        "renderToolTip": "Lnet/minecraft/client/gui/GuiScreen;func_146285_a(Lnet/minecraft/item/ItemStack;II)V"
      },
      "me/linus/momentum/mixins/MixinPlayerControllerMP": {
        "resetBlockRemoving": "Lnet/minecraft/client/multiplayer/PlayerControllerMP;func_78767_c()V",
        "onPlayerDamageBlock(Lnet/minecraft/util/math/BlockPos;Lnet/minecraft/util/EnumFacing;)Z": "Lnet/minecraft/client/multiplayer/PlayerControllerMP;func_180512_c(Lnet/minecraft/util/math/BlockPos;Lnet/minecraft/util/EnumFacing;)Z"
      },
      "me/linus/momentum/mixins/MixinEntityRender": {
        "hurtCameraEffect": "Lnet/minecraft/client/renderer/EntityRenderer;func_78482_e(F)V"
      },
      "me/linus/momentum/mixins/MixinPlayerSP": {
        "move": "Lnet/minecraft/client/entity/EntityPlayerSP;func_70091_d(Lnet/minecraft/entity/MoverType;DDD)V",
        "Lnet/minecraft/client/entity/AbstractClientPlayer;move(Lnet/minecraft/entity/MoverType;DDD)V": "Lnet/minecraft/client/entity/AbstractClientPlayer;func_70091_d(Lnet/minecraft/entity/MoverType;DDD)V"
      },
      "me/linus/momentum/mixins/MixinPlayerModel": {
        "setRotationAngles": "Lnet/minecraft/client/model/ModelPlayer;func_78087_a(FFFFFFLnet/minecraft/entity/Entity;)V"
      }
    }
  }
}