{
  "club/minnced/discord/rpc/DiscordEventHandlers$OnGameUpdate": {
    "name": "club/minnced/discord/rpc/DiscordEventHandlers$OnGameUpdate",
    "interfaces": [
      "com/sun/jna/Callback"
    ]
  },
  "club/minnced/discord/rpc/DiscordEventHandlers$OnJoinRequest": {
    "name": "club/minnced/discord/rpc/DiscordEventHandlers$OnJoinRequest",
    "interfaces": [
      "com/sun/jna/Callback"
    ]
  },
  "club/minnced/discord/rpc/DiscordEventHandlers$OnReady": {
    "name": "club/minnced/discord/rpc/DiscordEventHandlers$OnReady",
    "interfaces": [
      "com/sun/jna/Callback"
    ]
  },
  "club/minnced/discord/rpc/DiscordEventHandlers$OnStatus": {
    "name": "club/minnced/discord/rpc/DiscordEventHandlers$OnStatus",
    "interfaces": [
      "com/sun/jna/Callback"
    ]
  },
  "club/minnced/discord/rpc/DiscordRPC": {
    "name": "club/minnced/discord/rpc/DiscordRPC",
    "interfaces": [
      "com/sun/jna/Library"
    ]
  },
  "me/linus/momentum/Momentum": {
    "name": "me/linus/momentum/Momentum",
    "annotations": [
      {
        "type": "CLASS",
        "name": "Lnet/minecraftforge/fml/common/Mod;",
        "target": "me/linus/momentum/Momentum",
        "values": {
          "modid": {
            "value": "momentum"
          },
          "name": {
            "value": "Momentum"
          },
          "version": {
            "value": "rel1.1"
          }
        }
      },
      {
        "type": "METHOD",
        "name": "Lnet/minecraftforge/fml/common/Mod$EventHandler;",
        "target": "preInit(Lnet/minecraftforge/fml/common/event/FMLPreInitializationEvent;)V"
      },
      {
        "type": "METHOD",
        "name": "Lnet/minecraftforge/fml/common/Mod$EventHandler;",
        "target": "Init(Lnet/minecraftforge/fml/common/event/FMLInitializationEvent;)V"
      },
      {
        "type": "METHOD",
        "name": "Lnet/minecraftforge/fml/common/eventhandler/SubscribeEvent;",
        "target": "onKeyPress(Lnet/minecraftforge/fml/common/gameevent/InputEvent$KeyInputEvent;)V"
      },
      {
        "type": "METHOD",
        "name": "Lnet/minecraftforge/fml/common/Mod$EventHandler;",
        "target": "postInit(Lnet/minecraftforge/fml/common/event/FMLPostInitializationEvent;)V"
      }
    ]
  },
  "me/linus/momentum/api/events/EventProcessor": {
    "name": "me/linus/momentum/api/events/EventProcessor",
    "annotations": [
      {
        "type": "METHOD",
        "name": "Lnet/minecraftforge/fml/common/eventhandler/SubscribeEvent;",
        "target": "render(Lnet/minecraftforge/client/event/RenderWorldLastEvent;)V"
      },
      {
        "type": "METHOD",
        "name": "Lnet/minecraftforge/fml/common/eventhandler/SubscribeEvent;",
        "target": "onRender(Lnet/minecraftforge/client/event/RenderGameOverlayEvent$Post;)V"
      }
    ]
  },
  "me/linus/momentum/api/events/forge/MoveEvent": {
    "name": "me/linus/momentum/api/events/forge/MoveEvent",
    "annotations": [
      {
        "type": "CLASS",
        "name": "Lnet/minecraftforge/fml/common/eventhandler/Cancelable;",
        "target": "me/linus/momentum/api/events/forge/MoveEvent"
      }
    ]
  },
  "me/linus/momentum/api/events/forge/WalkEvent": {
    "name": "me/linus/momentum/api/events/forge/WalkEvent",
    "annotations": [
      {
        "type": "CLASS",
        "name": "Lnet/minecraftforge/fml/common/eventhandler/Cancelable;",
        "target": "me/linus/momentum/api/events/forge/WalkEvent"
      }
    ]
  },
  "me/linus/momentum/mixins/MixinAbstractClientPlayer": {
    "name": "me/linus/momentum/mixins/MixinAbstractClientPlayer",
    "annotations": [
      {
        "type": "CLASS",
        "name": "Lorg/spongepowered/asm/mixin/Mixin;",
        "target": "me/linus/momentum/mixins/MixinAbstractClientPlayer",
        "value": {
          "type": "CLASS",
          "values": [
            "Lnet/minecraft/client/entity/AbstractClientPlayer;"
          ]
        }
      },
      {
        "type": "METHOD",
        "name": "Lorg/spongepowered/asm/mixin/Shadow;",
        "target": "func_175155_b()Lnet/minecraft/client/network/NetworkPlayerInfo;"
      },
      {
        "type": "SUBTYPE",
        "name": "Lorg/spongepowered/asm/mixin/injection/At;",
        "id": 32,
        "value": {
          "value": "HEAD"
        }
      },
      {
        "type": "METHOD",
        "name": "Lorg/spongepowered/asm/mixin/injection/Inject;",
        "target": "getLocationCape(Lorg/spongepowered/asm/mixin/injection/callback/CallbackInfoReturnable;)V",
        "values": {
          "at": {
            "type": "ANNOTATION",
            "values": [
              "32"
            ]
          },
          "cancellable": {
            "type": "BOOL",
            "value": "true"
          },
          "method": {
            "values": [
              "getLocationCape"
            ]
          }
        }
      }
    ]
  },
  "me/linus/momentum/mixins/MixinArmorLayer": {
    "name": "me/linus/momentum/mixins/MixinArmorLayer",
    "annotations": [
      {
        "type": "CLASS",
        "name": "Lorg/spongepowered/asm/mixin/Mixin;",
        "target": "me/linus/momentum/mixins/MixinArmorLayer",
        "value": {
          "type": "CLASS",
          "values": [
            "Lnet/minecraft/client/renderer/entity/layers/LayerBipedArmor;"
          ]
        }
      },
      {
        "type": "SUBTYPE",
        "name": "Lorg/spongepowered/asm/mixin/injection/At;",
        "id": 20,
        "value": {
          "value": "HEAD"
        }
      },
      {
        "type": "METHOD",
        "name": "Lorg/spongepowered/asm/mixin/injection/Inject;",
        "target": "setModelSlotVisible(Lnet/minecraft/client/model/ModelBiped;Lnet/minecraft/inventory/EntityEquipmentSlot;Lorg/spongepowered/asm/mixin/injection/callback/CallbackInfo;)V",
        "values": {
          "at": {
            "type": "ANNOTATION",
            "values": [
              "20"
            ]
          },
          "cancellable": {
            "type": "BOOL",
            "value": "true"
          },
          "method": {
            "values": [
              "setModelSlotVisible"
            ]
          }
        }
      }
    ]
  },
  "me/linus/momentum/mixins/MixinBossBarOverlay": {
    "name": "me/linus/momentum/mixins/MixinBossBarOverlay",
    "annotations": [
      {
        "type": "CLASS",
        "name": "Lorg/spongepowered/asm/mixin/Mixin;",
        "target": "me/linus/momentum/mixins/MixinBossBarOverlay",
        "value": {
          "type": "CLASS",
          "values": [
            "Lnet/minecraft/client/gui/GuiBossOverlay;"
          ]
        }
      },
      {
        "type": "SUBTYPE",
        "name": "Lorg/spongepowered/asm/mixin/injection/At;",
        "id": 18,
        "value": {
          "value": "HEAD"
        }
      },
      {
        "type": "METHOD",
        "name": "Lorg/spongepowered/asm/mixin/injection/Inject;",
        "target": "renderBossHealth(Lorg/spongepowered/asm/mixin/injection/callback/CallbackInfo;)V",
        "values": {
          "at": {
            "type": "ANNOTATION",
            "values": [
              "18"
            ]
          },
          "cancellable": {
            "type": "BOOL",
            "value": "true"
          },
          "method": {
            "values": [
              "renderBossHealth"
            ]
          }
        }
      }
    ]
  },
  "me/linus/momentum/mixins/MixinEntityRender": {
    "name": "me/linus/momentum/mixins/MixinEntityRender",
    "annotations": [
      {
        "type": "CLASS",
        "name": "Lorg/spongepowered/asm/mixin/Mixin;",
        "target": "me/linus/momentum/mixins/MixinEntityRender",
        "value": {
          "type": "CLASS",
          "values": [
            "Lnet/minecraft/client/renderer/EntityRenderer;"
          ]
        }
      },
      {
        "type": "SUBTYPE",
        "name": "Lorg/spongepowered/asm/mixin/injection/At;",
        "id": 34,
        "value": {
          "value": "HEAD"
        }
      },
      {
        "type": "METHOD",
        "name": "Lorg/spongepowered/asm/mixin/injection/Inject;",
        "target": "hurtCameraEffect(FLorg/spongepowered/asm/mixin/injection/callback/CallbackInfo;)V",
        "values": {
          "at": {
            "type": "ANNOTATION",
            "values": [
              "34"
            ]
          },
          "cancellable": {
            "type": "BOOL",
            "value": "true"
          },
          "method": {
            "values": [
              "hurtCameraEffect"
            ]
          }
        }
      }
    ]
  },
  "me/linus/momentum/mixins/MixinInventory": {
    "name": "me/linus/momentum/mixins/MixinInventory",
    "annotations": [
      {
        "type": "CLASS",
        "name": "Lorg/spongepowered/asm/mixin/Mixin;",
        "target": "me/linus/momentum/mixins/MixinInventory",
        "value": {
          "type": "CLASS",
          "values": [
            "Lnet/minecraft/client/gui/GuiScreen;"
          ]
        }
      },
      {
        "type": "SUBTYPE",
        "name": "Lorg/spongepowered/asm/mixin/injection/At;",
        "id": 26,
        "value": {
          "value": "HEAD"
        }
      },
      {
        "type": "METHOD",
        "name": "Lorg/spongepowered/asm/mixin/injection/Inject;",
        "target": "renderToolTip(Lnet/minecraft/item/ItemStack;IILorg/spongepowered/asm/mixin/injection/callback/CallbackInfo;)V",
        "values": {
          "at": {
            "type": "ANNOTATION",
            "values": [
              "26"
            ]
          },
          "cancellable": {
            "type": "BOOL",
            "value": "true"
          },
          "method": {
            "values": [
              "renderToolTip"
            ]
          }
        }
      }
    ]
  },
  "me/linus/momentum/mixins/MixinLivingEntityRender": {
    "name": "me/linus/momentum/mixins/MixinLivingEntityRender",
    "annotations": [
      {
        "type": "CLASS",
        "name": "Lorg/spongepowered/asm/mixin/Mixin;",
        "target": "me/linus/momentum/mixins/MixinLivingEntityRender",
        "value": {
          "type": "CLASS",
          "values": [
            "Lnet/minecraft/client/renderer/entity/RenderLivingBase;"
          ]
        }
      },
      {
        "type": "FIELD",
        "name": "Lorg/spongepowered/asm/mixin/Shadow;",
        "target": "field_77045_g"
      },
      {
        "type": "METHOD",
        "name": "Lorg/spongepowered/asm/mixin/Overwrite;",
        "target": "func_77036_a(Lnet/minecraft/entity/EntityLivingBase;FFFFFF)V"
      }
    ]
  },
  "me/linus/momentum/mixins/MixinLoaderForge": {
    "name": "me/linus/momentum/mixins/MixinLoaderForge",
    "interfaces": [
      "net/minecraftforge/fml/relauncher/IFMLLoadingPlugin"
    ]
  },
  "me/linus/momentum/mixins/MixinMainMenu": {
    "name": "me/linus/momentum/mixins/MixinMainMenu",
    "annotations": [
      {
        "type": "CLASS",
        "name": "Lorg/spongepowered/asm/mixin/Mixin;",
        "target": "me/linus/momentum/mixins/MixinMainMenu",
        "value": {
          "type": "CLASS",
          "values": [
            "Lnet/minecraft/client/gui/GuiMainMenu;"
          ]
        }
      },
      {
        "type": "SUBTYPE",
        "name": "Lorg/spongepowered/asm/mixin/injection/At;",
        "id": 25,
        "value": {
          "value": "TAIL"
        }
      },
      {
        "type": "METHOD",
        "name": "Lorg/spongepowered/asm/mixin/injection/Inject;",
        "target": "drawText(IIFLorg/spongepowered/asm/mixin/injection/callback/CallbackInfo;)V",
        "values": {
          "at": {
            "type": "ANNOTATION",
            "values": [
              "25"
            ]
          },
          "cancellable": {
            "type": "BOOL",
            "value": "true"
          },
          "method": {
            "values": [
              "drawScreen"
            ]
          }
        }
      }
    ]
  },
  "me/linus/momentum/mixins/MixinNetworkManager": {
    "name": "me/linus/momentum/mixins/MixinNetworkManager",
    "annotations": [
      {
        "type": "CLASS",
        "name": "Lorg/spongepowered/asm/mixin/Mixin;",
        "target": "me/linus/momentum/mixins/MixinNetworkManager",
        "value": {
          "type": "CLASS",
          "values": [
            "Lnet/minecraft/network/NetworkManager;"
          ]
        }
      },
      {
        "type": "SUBTYPE",
        "name": "Lorg/spongepowered/asm/mixin/injection/At;",
        "id": 21,
        "value": {
          "value": "HEAD"
        }
      },
      {
        "type": "METHOD",
        "name": "Lorg/spongepowered/asm/mixin/injection/Inject;",
        "target": "preSendPacket(Lnet/minecraft/network/Packet;Lorg/spongepowered/asm/mixin/injection/callback/CallbackInfo;)V",
        "values": {
          "at": {
            "type": "ANNOTATION",
            "values": [
              "21"
            ]
          },
          "cancellable": {
            "type": "BOOL",
            "value": "true"
          },
          "method": {
            "values": [
              "sendPacket(Lnet/minecraft/network/Packet;)V"
            ]
          }
        }
      },
      {
        "type": "SUBTYPE",
        "name": "Lorg/spongepowered/asm/mixin/injection/At;",
        "id": 22,
        "value": {
          "value": "HEAD"
        }
      },
      {
        "type": "METHOD",
        "name": "Lorg/spongepowered/asm/mixin/injection/Inject;",
        "target": "preChannelRead(Lio/netty/channel/ChannelHandlerContext;Lnet/minecraft/network/Packet;Lorg/spongepowered/asm/mixin/injection/callback/CallbackInfo;)V",
        "values": {
          "at": {
            "type": "ANNOTATION",
            "values": [
              "22"
            ]
          },
          "cancellable": {
            "type": "BOOL",
            "value": "true"
          },
          "method": {
            "values": [
              "channelRead0"
            ]
          }
        }
      },
      {
        "type": "SUBTYPE",
        "name": "Lorg/spongepowered/asm/mixin/injection/At;",
        "id": 23,
        "value": {
          "value": "TAIL"
        }
      },
      {
        "type": "METHOD",
        "name": "Lorg/spongepowered/asm/mixin/injection/Inject;",
        "target": "postSendPacket(Lnet/minecraft/network/Packet;Lorg/spongepowered/asm/mixin/injection/callback/CallbackInfo;)V",
        "values": {
          "at": {
            "type": "ANNOTATION",
            "values": [
              "23"
            ]
          },
          "cancellable": {
            "type": "BOOL",
            "value": "true"
          },
          "method": {
            "values": [
              "sendPacket(Lnet/minecraft/network/Packet;)V"
            ]
          }
        }
      },
      {
        "type": "SUBTYPE",
        "name": "Lorg/spongepowered/asm/mixin/injection/At;",
        "id": 24,
        "value": {
          "value": "TAIL"
        }
      },
      {
        "type": "METHOD",
        "name": "Lorg/spongepowered/asm/mixin/injection/Inject;",
        "target": "postChannelRead(Lio/netty/channel/ChannelHandlerContext;Lnet/minecraft/network/Packet;Lorg/spongepowered/asm/mixin/injection/callback/CallbackInfo;)V",
        "values": {
          "at": {
            "type": "ANNOTATION",
            "values": [
              "24"
            ]
          },
          "cancellable": {
            "type": "BOOL",
            "value": "true"
          },
          "method": {
            "values": [
              "channelRead0"
            ]
          }
        }
      }
    ]
  },
  "me/linus/momentum/mixins/MixinPlayer": {
    "name": "me/linus/momentum/mixins/MixinPlayer",
    "annotations": [
      {
        "type": "CLASS",
        "name": "Lorg/spongepowered/asm/mixin/Mixin;",
        "target": "me/linus/momentum/mixins/MixinPlayer",
        "value": {
          "type": "CLASS",
          "values": [
            "Lnet/minecraft/entity/player/EntityPlayer;"
          ]
        }
      },
      {
        "type": "METHOD",
        "name": "Lorg/spongepowered/asm/mixin/Shadow;",
        "target": "func_70005_c_()Ljava/lang/String;"
      },
      {
        "type": "SUBTYPE",
        "name": "Lorg/spongepowered/asm/mixin/injection/At;",
        "id": 28,
        "value": {
          "value": "HEAD"
        }
      },
      {
        "type": "METHOD",
        "name": "Lorg/spongepowered/asm/mixin/injection/Inject;",
        "target": "onJump(Lorg/spongepowered/asm/mixin/injection/callback/CallbackInfo;)V",
        "values": {
          "at": {
            "type": "ANNOTATION",
            "values": [
              "28"
            ]
          },
          "cancellable": {
            "type": "BOOL",
            "value": "true"
          },
          "method": {
            "values": [
              "jump"
            ]
          }
        }
      }
    ]
  },
  "me/linus/momentum/mixins/MixinPlayerControllerMP": {
    "name": "me/linus/momentum/mixins/MixinPlayerControllerMP",
    "annotations": [
      {
        "type": "CLASS",
        "name": "Lorg/spongepowered/asm/mixin/Mixin;",
        "target": "me/linus/momentum/mixins/MixinPlayerControllerMP",
        "value": {
          "type": "CLASS",
          "values": [
            "Lnet/minecraft/client/multiplayer/PlayerControllerMP;"
          ]
        }
      },
      {
        "type": "SUBTYPE",
        "name": "Lorg/spongepowered/asm/mixin/injection/At;",
        "id": 29,
        "value": {
          "value": "HEAD"
        }
      },
      {
        "type": "METHOD",
        "name": "Lorg/spongepowered/asm/mixin/injection/Inject;",
        "target": "onPlayerDamageBlock(Lnet/minecraft/util/math/BlockPos;Lnet/minecraft/util/EnumFacing;Lorg/spongepowered/asm/mixin/injection/callback/CallbackInfoReturnable;)V",
        "values": {
          "at": {
            "type": "ANNOTATION",
            "values": [
              "29"
            ]
          },
          "cancellable": {
            "type": "BOOL",
            "value": "true"
          },
          "method": {
            "values": [
              "onPlayerDamageBlock(Lnet/minecraft/util/math/BlockPos;Lnet/minecraft/util/EnumFacing;)Z"
            ]
          }
        }
      },
      {
        "type": "SUBTYPE",
        "name": "Lorg/spongepowered/asm/mixin/injection/At;",
        "id": 30,
        "value": {
          "value": "HEAD"
        }
      },
      {
        "type": "METHOD",
        "name": "Lorg/spongepowered/asm/mixin/injection/Inject;",
        "target": "resetBlock(Lorg/spongepowered/asm/mixin/injection/callback/CallbackInfo;)V",
        "values": {
          "at": {
            "type": "ANNOTATION",
            "values": [
              "30"
            ]
          },
          "cancellable": {
            "type": "BOOL",
            "value": "true"
          },
          "method": {
            "values": [
              "resetBlockRemoving"
            ]
          }
        }
      }
    ]
  },
  "me/linus/momentum/mixins/MixinPlayerMP": {
    "name": "me/linus/momentum/mixins/MixinPlayerMP",
    "annotations": [
      {
        "type": "CLASS",
        "name": "Lorg/spongepowered/asm/mixin/Mixin;",
        "target": "me/linus/momentum/mixins/MixinPlayerMP",
        "value": {
          "type": "CLASS",
          "values": [
            "Lnet/minecraft/client/multiplayer/PlayerControllerMP;"
          ]
        }
      },
      {
        "type": "SUBTYPE",
        "name": "Lorg/spongepowered/asm/mixin/injection/At;",
        "id": 27,
        "value": {
          "value": "HEAD"
        }
      },
      {
        "type": "METHOD",
        "name": "Lorg/spongepowered/asm/mixin/injection/Inject;",
        "target": "onPlayerDamageBlock(Lnet/minecraft/util/math/BlockPos;Lnet/minecraft/util/EnumFacing;Lorg/spongepowered/asm/mixin/injection/callback/CallbackInfoReturnable;)V",
        "values": {
          "at": {
            "type": "ANNOTATION",
            "values": [
              "27"
            ]
          },
          "cancellable": {
            "type": "BOOL",
            "value": "true"
          },
          "method": {
            "values": [
              "onPlayerDamageBlock"
            ]
          }
        }
      }
    ]
  },
  "me/linus/momentum/mixins/MixinPlayerModel": {
    "name": "me/linus/momentum/mixins/MixinPlayerModel",
    "annotations": [
      {
        "type": "CLASS",
        "name": "Lorg/spongepowered/asm/mixin/Mixin;",
        "target": "me/linus/momentum/mixins/MixinPlayerModel",
        "value": {
          "type": "CLASS",
          "values": [
            "Lnet/minecraft/client/model/ModelPlayer;"
          ]
        }
      },
      {
        "type": "SUBTYPE",
        "name": "Lorg/spongepowered/asm/mixin/injection/At;",
        "id": 19,
        "value": {
          "value": "RETURN"
        }
      },
      {
        "type": "METHOD",
        "name": "Lorg/spongepowered/asm/mixin/injection/Inject;",
        "target": "setRotationAngles(FFFFFFLnet/minecraft/entity/Entity;Lorg/spongepowered/asm/mixin/injection/callback/CallbackInfo;)V",
        "values": {
          "at": {
            "type": "ANNOTATION",
            "values": [
              "19"
            ]
          },
          "method": {
            "values": [
              "setRotationAngles"
            ]
          }
        }
      }
    ]
  },
  "me/linus/momentum/mixins/MixinPlayerSP": {
    "name": "me/linus/momentum/mixins/MixinPlayerSP",
    "annotations": [
      {
        "type": "CLASS",
        "name": "Lorg/spongepowered/asm/mixin/Mixin;",
        "target": "me/linus/momentum/mixins/MixinPlayerSP",
        "values": {
          "priority": {
            "type": "INT",
            "value": "634756347"
          },
          "value": {
            "type": "CLASS",
            "values": [
              "Lnet/minecraft/client/entity/EntityPlayerSP;"
            ]
          }
        }
      },
      {
        "type": "SUBTYPE",
        "name": "Lorg/spongepowered/asm/mixin/injection/At;",
        "id": 31,
        "values": {
          "target": {
            "value": "Lnet/minecraft/client/entity/AbstractClientPlayer;move(Lnet/minecraft/entity/MoverType;DDD)V"
          },
          "value": {
            "value": "INVOKE"
          }
        }
      },
      {
        "type": "METHOD",
        "name": "Lorg/spongepowered/asm/mixin/injection/Redirect;",
        "target": "move(Lnet/minecraft/client/entity/AbstractClientPlayer;Lnet/minecraft/entity/MoverType;DDD)V",
        "values": {
          "at": {
            "type": "ANNOTATION",
            "value": "31"
          },
          "method": {
            "values": [
              "move"
            ]
          }
        }
      }
    ]
  },
  "me/linus/momentum/mixins/MixinRenderItem": {
    "name": "me/linus/momentum/mixins/MixinRenderItem",
    "annotations": [
      {
        "type": "CLASS",
        "name": "Lorg/spongepowered/asm/mixin/Mixin;",
        "target": "me/linus/momentum/mixins/MixinRenderItem",
        "value": {
          "type": "CLASS",
          "values": [
            "Lnet/minecraft/client/renderer/RenderItem;"
          ]
        }
      },
      {
        "type": "FIELD",
        "name": "Lorg/spongepowered/asm/mixin/Shadow;",
        "target": "field_77023_b"
      },
      {
        "type": "SUBTYPE",
        "name": "Lorg/spongepowered/asm/mixin/injection/At;",
        "id": 33,
        "value": {
          "value": "HEAD"
        }
      },
      {
        "type": "METHOD",
        "name": "Lorg/spongepowered/asm/mixin/injection/Inject;",
        "target": "renderItemModelIntoGUIPRE(Lnet/minecraft/item/ItemStack;IILnet/minecraft/client/renderer/block/model/IBakedModel;Lorg/spongepowered/asm/mixin/injection/callback/CallbackInfo;)V",
        "values": {
          "at": {
            "type": "ANNOTATION",
            "values": [
              "33"
            ]
          },
          "cancellable": {
            "type": "BOOL",
            "value": "true"
          },
          "method": {
            "values": [
              "renderItemModelIntoGUI"
            ]
          }
        }
      }
    ]
  },
  "me/linus/momentum/module/Module": {
    "name": "me/linus/momentum/module/Module",
    "annotations": [
      {
        "type": "METHOD",
        "name": "Lnet/minecraftforge/fml/common/eventhandler/SubscribeEvent;",
        "target": "gameTickEvent(Lnet/minecraftforge/fml/common/gameevent/TickEvent;)V"
      }
    ]
  },
  "me/linus/momentum/module/modules/combat/AutoCity": {
    "name": "me/linus/momentum/module/modules/combat/AutoCity",
    "annotations": [
      {
        "type": "METHOD",
        "name": "Lnet/minecraftforge/fml/common/eventhandler/SubscribeEvent;",
        "target": "onWorldRender(Lnet/minecraftforge/client/event/RenderWorldLastEvent;)V"
      }
    ]
  },
  "me/linus/momentum/module/modules/combat/AutoCrystal": {
    "name": "me/linus/momentum/module/modules/combat/AutoCrystal",
    "annotations": [
      {
        "type": "FIELD",
        "name": "Lme/zero/alpine/listener/EventHandler;",
        "target": "listener"
      },
      {
        "type": "METHOD",
        "name": "Lnet/minecraftforge/fml/common/eventhandler/SubscribeEvent;",
        "target": "onWorldRender(Lnet/minecraftforge/client/event/RenderWorldLastEvent;)V"
      }
    ]
  },
  "me/linus/momentum/module/modules/combat/Criticals": {
    "name": "me/linus/momentum/module/modules/combat/Criticals",
    "annotations": [
      {
        "type": "FIELD",
        "name": "Lme/zero/alpine/listener/EventHandler;",
        "target": "sendListener"
      }
    ]
  },
  "me/linus/momentum/module/modules/gui/ActiveModules": {
    "name": "me/linus/momentum/module/modules/gui/ActiveModules",
    "annotations": [
      {
        "type": "METHOD",
        "name": "Lnet/minecraftforge/fml/common/eventhandler/SubscribeEvent;",
        "target": "onRenderGameOverlay(Lnet/minecraftforge/client/event/RenderGameOverlayEvent;)V"
      }
    ]
  },
  "me/linus/momentum/module/modules/gui/HUD": {
    "name": "me/linus/momentum/module/modules/gui/HUD",
    "annotations": [
      {
        "type": "METHOD",
        "name": "Lnet/minecraftforge/fml/common/eventhandler/SubscribeEvent;",
        "target": "onRenderGameOverlay(Lnet/minecraftforge/client/event/RenderGameOverlayEvent;)V"
      }
    ]
  },
  "me/linus/momentum/module/modules/gui/InventoryViewer": {
    "name": "me/linus/momentum/module/modules/gui/InventoryViewer",
    "annotations": [
      {
        "type": "METHOD",
        "name": "Lnet/minecraftforge/fml/common/eventhandler/SubscribeEvent;",
        "target": "onRenderGameOverlay(Lnet/minecraftforge/client/event/RenderGameOverlayEvent$Post;)V"
      }
    ]
  },
  "me/linus/momentum/module/modules/gui/TargetHUD": {
    "name": "me/linus/momentum/module/modules/gui/TargetHUD",
    "annotations": [
      {
        "type": "METHOD",
        "name": "Lnet/minecraftforge/fml/common/eventhandler/SubscribeEvent;",
        "target": "onRenderGameOverlay(Lnet/minecraftforge/client/event/RenderGameOverlayEvent$Post;)V"
      }
    ]
  },
  "me/linus/momentum/module/modules/misc/ChatSuffix": {
    "name": "me/linus/momentum/module/modules/misc/ChatSuffix",
    "annotations": [
      {
        "type": "METHOD",
        "name": "Lnet/minecraftforge/fml/common/eventhandler/SubscribeEvent;",
        "target": "onChat(Lnet/minecraftforge/client/event/ClientChatEvent;)V"
      }
    ]
  },
  "me/linus/momentum/module/modules/misc/PrefixChat": {
    "name": "me/linus/momentum/module/modules/misc/PrefixChat",
    "annotations": [
      {
        "type": "METHOD",
        "name": "Lnet/minecraftforge/fml/common/eventhandler/SubscribeEvent;",
        "target": "onKeyPress(Lnet/minecraftforge/fml/common/gameevent/InputEvent$KeyInputEvent;)V"
      }
    ]
  },
  "me/linus/momentum/module/modules/movement/LongJump": {
    "name": "me/linus/momentum/module/modules/movement/LongJump",
    "annotations": [
      {
        "type": "METHOD",
        "name": "Lnet/minecraftforge/fml/common/eventhandler/SubscribeEvent;",
        "target": "onTick(Lnet/minecraftforge/fml/common/gameevent/TickEvent$ClientTickEvent;)V"
      },
      {
        "type": "METHOD",
        "name": "Lnet/minecraftforge/fml/common/eventhandler/SubscribeEvent;",
        "target": "onMove(Lme/linus/momentum/api/events/forge/MoveEvent;)V"
      },
      {
        "type": "METHOD",
        "name": "Lnet/minecraftforge/fml/common/eventhandler/SubscribeEvent;",
        "target": "onJump(Lnet/minecraftforge/event/entity/living/LivingEvent$LivingJumpEvent;)V"
      }
    ]
  },
  "me/linus/momentum/module/modules/movement/NoSlow": {
    "name": "me/linus/momentum/module/modules/movement/NoSlow",
    "annotations": [
      {
        "type": "METHOD",
        "name": "Lnet/minecraftforge/fml/common/eventhandler/SubscribeEvent;",
        "target": "onInputUpdate(Lnet/minecraftforge/client/event/InputUpdateEvent;)V"
      }
    ]
  },
  "me/linus/momentum/module/modules/movement/Step": {
    "name": "me/linus/momentum/module/modules/movement/Step",
    "annotations": [
      {
        "type": "METHOD",
        "name": "Lnet/minecraftforge/fml/common/eventhandler/SubscribeEvent;",
        "target": "onMove(Lme/linus/momentum/api/events/forge/MoveEvent;)V"
      }
    ]
  },
  "me/linus/momentum/module/modules/movement/Velocity": {
    "name": "me/linus/momentum/module/modules/movement/Velocity",
    "annotations": [
      {
        "type": "FIELD",
        "name": "Lme/zero/alpine/listener/EventHandler;",
        "target": "listener"
      },
      {
        "type": "FIELD",
        "name": "Lme/zero/alpine/listener/EventHandler;",
        "target": "waterPushEventListener"
      }
    ]
  },
  "me/linus/momentum/module/modules/player/ExtraSlots": {
    "name": "me/linus/momentum/module/modules/player/ExtraSlots",
    "annotations": [
      {
        "type": "FIELD",
        "name": "Lme/zero/alpine/listener/EventHandler;",
        "target": "listener"
      }
    ]
  },
  "me/linus/momentum/module/modules/player/PacketMine": {
    "name": "me/linus/momentum/module/modules/player/PacketMine",
    "annotations": [
      {
        "type": "FIELD",
        "name": "Lme/zero/alpine/listener/EventHandler;",
        "target": "OnDamageBlock"
      }
    ]
  },
  "me/linus/momentum/module/modules/player/QuickMine": {
    "name": "me/linus/momentum/module/modules/player/QuickMine",
    "annotations": [
      {
        "type": "FIELD",
        "name": "Lme/zero/alpine/listener/EventHandler;",
        "target": "listener"
      }
    ]
  },
  "me/linus/momentum/module/modules/player/SwingPrevent": {
    "name": "me/linus/momentum/module/modules/player/SwingPrevent",
    "annotations": [
      {
        "type": "FIELD",
        "name": "Lme/zero/alpine/listener/EventHandler;",
        "target": "listener"
      }
    ]
  },
  "me/linus/momentum/module/modules/render/ESP": {
    "name": "me/linus/momentum/module/modules/render/ESP",
    "annotations": [
      {
        "type": "METHOD",
        "name": "Lnet/minecraftforge/fml/common/eventhandler/SubscribeEvent;",
        "target": "onWorldRender(Lnet/minecraftforge/client/event/RenderWorldLastEvent;)V"
      }
    ]
  },
  "me/linus/momentum/module/modules/render/HoleESP": {
    "name": "me/linus/momentum/module/modules/render/HoleESP",
    "annotations": [
      {
        "type": "FIELD",
        "name": "Lme/zero/alpine/listener/EventHandler;",
        "target": "packetListener"
      },
      {
        "type": "METHOD",
        "name": "Lnet/minecraftforge/fml/common/eventhandler/SubscribeEvent;",
        "target": "onWorldRender(Lnet/minecraftforge/client/event/RenderWorldLastEvent;)V"
      }
    ]
  },
  "me/linus/momentum/module/modules/render/NoRender": {
    "name": "me/linus/momentum/module/modules/render/NoRender",
    "annotations": [
      {
        "type": "FIELD",
        "name": "Lme/zero/alpine/listener/EventHandler;",
        "target": "blockOverlayEventListener"
      },
      {
        "type": "FIELD",
        "name": "Lme/zero/alpine/listener/EventHandler;",
        "target": "renderBlockOverlayEventListener"
      },
      {
        "type": "FIELD",
        "name": "Lme/zero/alpine/listener/EventHandler;",
        "target": "bossbarEventListener"
      }
    ]
  },
  "me/linus/momentum/module/modules/render/Skeleton": {
    "name": "me/linus/momentum/module/modules/render/Skeleton",
    "annotations": [
      {
        "type": "METHOD",
        "name": "Lnet/minecraftforge/fml/common/eventhandler/SubscribeEvent;",
        "target": "onWorldRender(Lnet/minecraftforge/client/event/RenderWorldLastEvent;)V"
      }
    ]
  },
  "me/linus/momentum/module/modules/render/StorageESP": {
    "name": "me/linus/momentum/module/modules/render/StorageESP",
    "annotations": [
      {
        "type": "METHOD",
        "name": "Lnet/minecraftforge/fml/common/eventhandler/SubscribeEvent;",
        "target": "onWorldRender(Lnet/minecraftforge/client/event/RenderWorldLastEvent;)V"
      }
    ]
  },
  "me/linus/momentum/module/modules/render/WorldColor": {
    "name": "me/linus/momentum/module/modules/render/WorldColor",
    "annotations": [
      {
        "type": "METHOD",
        "name": "Lnet/minecraftforge/fml/common/eventhandler/SubscribeEvent;",
        "target": "onFogColorRender(Lnet/minecraftforge/client/event/EntityViewRenderEvent$FogColors;)V"
      },
      {
        "type": "METHOD",
        "name": "Lnet/minecraftforge/fml/common/eventhandler/SubscribeEvent;",
        "target": "fog(Lnet/minecraftforge/client/event/EntityViewRenderEvent$FogDensity;)V"
      }
    ]
  },
  "me/linus/momentum/utils/command/CommandManager": {
    "name": "me/linus/momentum/utils/command/CommandManager",
    "annotations": [
      {
        "type": "METHOD",
        "name": "Lnet/minecraftforge/fml/common/eventhandler/SubscribeEvent;",
        "target": "chatEvent(Lnet/minecraftforge/client/event/ClientChatEvent;)V",
        "values": {
          "priority": {
            "type": "ENUM",
            "value": "Lnet/minecraftforge/fml/common/eventhandler/EventPriority;/HIGHEST"
          }
        }
      }
    ]
  },
  "me/linus/momentum/utils/settings/Setting": {
    "name": "me/linus/momentum/utils/settings/Setting",
    "annotations": [
      {
        "type": "METHOD",
        "name": "Lnet/minecraftforge/fml/common/eventhandler/SubscribeEvent;",
        "target": "gameTickEvent(Lnet/minecraftforge/fml/common/gameevent/TickEvent;)V"
      }
    ]
  },
  "me/zero/alpine/EventManager": {
    "name": "me/zero/alpine/EventManager",
    "interfaces": [
      "me/zero/alpine/EventBus"
    ]
  },
  "me/zero/alpine/listener/EventHandler": {
    "name": "me/zero/alpine/listener/EventHandler",
    "interfaces": [
      "java/lang/annotation/Annotation"
    ]
  },
  "me/zero/alpine/listener/Listener": {
    "name": "me/zero/alpine/listener/Listener",
    "interfaces": [
      "me/zero/alpine/listener/EventHook"
    ]
  },
  "net/jodah/typetools/TypeResolver$1": {
    "name": "net/jodah/typetools/TypeResolver$1",
    "interfaces": [
      "java/security/PrivilegedExceptionAction"
    ]
  },
  "org/json/simple/JSONArray": {
    "name": "org/json/simple/JSONArray",
    "interfaces": [
      "java/util/List",
      "org/json/simple/JSONAware",
      "org/json/simple/JSONStreamAware"
    ]
  },
  "org/json/simple/JSONObject": {
    "name": "org/json/simple/JSONObject",
    "interfaces": [
      "java/util/Map",
      "org/json/simple/JSONAware",
      "org/json/simple/JSONStreamAware"
    ]
  },
  "org/spongepowered/asm/bridge/RemapperAdapter": {
    "name": "org/spongepowered/asm/bridge/RemapperAdapter",
    "interfaces": [
      "org/spongepowered/asm/mixin/extensibility/IRemapper",
      "org/spongepowered/asm/util/ObfuscationUtil$IClassRemapper"
    ]
  },
  "org/spongepowered/asm/launch/MixinTweaker": {
    "name": "org/spongepowered/asm/launch/MixinTweaker",
    "interfaces": [
      "net/minecraft/launchwrapper/ITweaker"
    ]
  },
  "org/spongepowered/asm/launch/platform/MixinPlatformAgentAbstract": {
    "name": "org/spongepowered/asm/launch/platform/MixinPlatformAgentAbstract",
    "interfaces": [
      "org/spongepowered/asm/launch/platform/IMixinPlatformAgent"
    ]
  },
  "org/spongepowered/asm/lib/tree/InsnList$InsnListIterator": {
    "name": "org/spongepowered/asm/lib/tree/InsnList$InsnListIterator",
    "interfaces": [
      "java/util/ListIterator"
    ]
  },
  "org/spongepowered/asm/lib/tree/analysis/Analyzer": {
    "name": "org/spongepowered/asm/lib/tree/analysis/Analyzer",
    "interfaces": [
      "org/spongepowered/asm/lib/Opcodes"
    ]
  },
  "org/spongepowered/asm/lib/tree/analysis/BasicInterpreter": {
    "name": "org/spongepowered/asm/lib/tree/analysis/BasicInterpreter",
    "interfaces": [
      "org/spongepowered/asm/lib/Opcodes"
    ]
  },
  "org/spongepowered/asm/lib/tree/analysis/BasicValue": {
    "name": "org/spongepowered/asm/lib/tree/analysis/BasicValue",
    "interfaces": [
      "org/spongepowered/asm/lib/tree/analysis/Value"
    ]
  },
  "org/spongepowered/asm/lib/tree/analysis/SmallSet": {
    "name": "org/spongepowered/asm/lib/tree/analysis/SmallSet",
    "interfaces": [
      "java/util/Iterator"
    ]
  },
  "org/spongepowered/asm/lib/tree/analysis/SourceInterpreter": {
    "name": "org/spongepowered/asm/lib/tree/analysis/SourceInterpreter",
    "interfaces": [
      "org/spongepowered/asm/lib/Opcodes"
    ]
  },
  "org/spongepowered/asm/lib/tree/analysis/SourceValue": {
    "name": "org/spongepowered/asm/lib/tree/analysis/SourceValue",
    "interfaces": [
      "org/spongepowered/asm/lib/tree/analysis/Value"
    ]
  },
  "org/spongepowered/asm/mixin/Debug": {
    "name": "org/spongepowered/asm/mixin/Debug",
    "interfaces": [
      "java/lang/annotation/Annotation"
    ]
  },
  "org/spongepowered/asm/mixin/Dynamic": {
    "name": "org/spongepowered/asm/mixin/Dynamic",
    "interfaces": [
      "java/lang/annotation/Annotation"
    ]
  },
  "org/spongepowered/asm/mixin/EnvironmentStateTweaker": {
    "name": "org/spongepowered/asm/mixin/EnvironmentStateTweaker",
    "interfaces": [
      "net/minecraft/launchwrapper/ITweaker"
    ]
  },
  "org/spongepowered/asm/mixin/Final": {
    "name": "org/spongepowered/asm/mixin/Final",
    "interfaces": [
      "java/lang/annotation/Annotation"
    ]
  },
  "org/spongepowered/asm/mixin/Implements": {
    "name": "org/spongepowered/asm/mixin/Implements",
    "interfaces": [
      "java/lang/annotation/Annotation"
    ]
  },
  "org/spongepowered/asm/mixin/Interface": {
    "name": "org/spongepowered/asm/mixin/Interface",
    "interfaces": [
      "java/lang/annotation/Annotation"
    ]
  },
  "org/spongepowered/asm/mixin/Intrinsic": {
    "name": "org/spongepowered/asm/mixin/Intrinsic",
    "interfaces": [
      "java/lang/annotation/Annotation"
    ]
  },
  "org/spongepowered/asm/mixin/Mixin": {
    "name": "org/spongepowered/asm/mixin/Mixin",
    "interfaces": [
      "java/lang/annotation/Annotation"
    ]
  },
  "org/spongepowered/asm/mixin/MixinEnvironment": {
    "name": "org/spongepowered/asm/mixin/MixinEnvironment",
    "interfaces": [
      "org/spongepowered/asm/util/ITokenProvider"
    ]
  },
  "org/spongepowered/asm/mixin/MixinEnvironment$TokenProviderWrapper": {
    "name": "org/spongepowered/asm/mixin/MixinEnvironment$TokenProviderWrapper",
    "interfaces": [
      "java/lang/Comparable"
    ]
  },
  "org/spongepowered/asm/mixin/Mutable": {
    "name": "org/spongepowered/asm/mixin/Mutable",
    "interfaces": [
      "java/lang/annotation/Annotation"
    ]
  },
  "org/spongepowered/asm/mixin/Overwrite": {
    "name": "org/spongepowered/asm/mixin/Overwrite",
    "interfaces": [
      "java/lang/annotation/Annotation"
    ]
  },
  "org/spongepowered/asm/mixin/Pseudo": {
    "name": "org/spongepowered/asm/mixin/Pseudo",
    "interfaces": [
      "java/lang/annotation/Annotation"
    ]
  },
  "org/spongepowered/asm/mixin/Shadow": {
    "name": "org/spongepowered/asm/mixin/Shadow",
    "interfaces": [
      "java/lang/annotation/Annotation"
    ]
  },
  "org/spongepowered/asm/mixin/SoftOverride": {
    "name": "org/spongepowered/asm/mixin/SoftOverride",
    "interfaces": [
      "java/lang/annotation/Annotation"
    ]
  },
  "org/spongepowered/asm/mixin/Unique": {
    "name": "org/spongepowered/asm/mixin/Unique",
    "interfaces": [
      "java/lang/annotation/Annotation"
    ]
  },
  "org/spongepowered/asm/mixin/gen/Accessor": {
    "name": "org/spongepowered/asm/mixin/gen/Accessor",
    "interfaces": [
      "java/lang/annotation/Annotation"
    ]
  },
  "org/spongepowered/asm/mixin/gen/Invoker": {
    "name": "org/spongepowered/asm/mixin/gen/Invoker",
    "interfaces": [
      "java/lang/annotation/Annotation"
    ]
  },
  "org/spongepowered/asm/mixin/injection/At": {
    "name": "org/spongepowered/asm/mixin/injection/At",
    "interfaces": [
      "java/lang/annotation/Annotation"
    ]
  },
  "org/spongepowered/asm/mixin/injection/Coerce": {
    "name": "org/spongepowered/asm/mixin/injection/Coerce",
    "interfaces": [
      "java/lang/annotation/Annotation"
    ]
  },
  "org/spongepowered/asm/mixin/injection/Constant": {
    "name": "org/spongepowered/asm/mixin/injection/Constant",
    "interfaces": [
      "java/lang/annotation/Annotation"
    ]
  },
  "org/spongepowered/asm/mixin/injection/Group": {
    "name": "org/spongepowered/asm/mixin/injection/Group",
    "interfaces": [
      "java/lang/annotation/Annotation"
    ]
  },
  "org/spongepowered/asm/mixin/injection/Inject": {
    "name": "org/spongepowered/asm/mixin/injection/Inject",
    "interfaces": [
      "java/lang/annotation/Annotation"
    ]
  },
  "org/spongepowered/asm/mixin/injection/InjectionPoint$AtCode": {
    "name": "org/spongepowered/asm/mixin/injection/InjectionPoint$AtCode",
    "interfaces": [
      "java/lang/annotation/Annotation"
    ]
  },
  "org/spongepowered/asm/mixin/injection/ModifyArg": {
    "name": "org/spongepowered/asm/mixin/injection/ModifyArg",
    "interfaces": [
      "java/lang/annotation/Annotation"
    ]
  },
  "org/spongepowered/asm/mixin/injection/ModifyArgs": {
    "name": "org/spongepowered/asm/mixin/injection/ModifyArgs",
    "interfaces": [
      "java/lang/annotation/Annotation"
    ]
  },
  "org/spongepowered/asm/mixin/injection/ModifyConstant": {
    "name": "org/spongepowered/asm/mixin/injection/ModifyConstant",
    "interfaces": [
      "java/lang/annotation/Annotation"
    ]
  },
  "org/spongepowered/asm/mixin/injection/ModifyVariable": {
    "name": "org/spongepowered/asm/mixin/injection/ModifyVariable",
    "interfaces": [
      "java/lang/annotation/Annotation"
    ]
  },
  "org/spongepowered/asm/mixin/injection/Redirect": {
    "name": "org/spongepowered/asm/mixin/injection/Redirect",
    "interfaces": [
      "java/lang/annotation/Annotation"
    ]
  },
  "org/spongepowered/asm/mixin/injection/Slice": {
    "name": "org/spongepowered/asm/mixin/injection/Slice",
    "interfaces": [
      "java/lang/annotation/Annotation"
    ]
  },
  "org/spongepowered/asm/mixin/injection/Surrogate": {
    "name": "org/spongepowered/asm/mixin/injection/Surrogate",
    "interfaces": [
      "java/lang/annotation/Annotation"
    ]
  },
  "org/spongepowered/asm/mixin/injection/callback/CallbackInfo": {
    "name": "org/spongepowered/asm/mixin/injection/callback/CallbackInfo",
    "interfaces": [
      "org/spongepowered/asm/mixin/injection/callback/Cancellable"
    ]
  },
  "org/spongepowered/asm/mixin/injection/code/ISliceContext": {
    "name": "org/spongepowered/asm/mixin/injection/code/ISliceContext",
    "interfaces": [
      "org/spongepowered/asm/mixin/injection/IInjectionPointContext"
    ]
  },
  "org/spongepowered/asm/mixin/injection/code/MethodSlice$InsnListSlice$SliceIterator": {
    "name": "org/spongepowered/asm/mixin/injection/code/MethodSlice$InsnListSlice$SliceIterator",
    "interfaces": [
      "java/util/ListIterator"
    ]
  },
  "org/spongepowered/asm/mixin/injection/invoke/arg/ArgsClassGenerator": {
    "name": "org/spongepowered/asm/mixin/injection/invoke/arg/ArgsClassGenerator",
    "interfaces": [
      "org/spongepowered/asm/mixin/transformer/ext/IClassGenerator"
    ]
  },
  "org/spongepowered/asm/mixin/injection/modify/AfterStoreLocal": {
    "name": "org/spongepowered/asm/mixin/injection/modify/AfterStoreLocal",
    "annotations": [
      {
        "type": "CLASS",
        "name": "Lorg/spongepowered/asm/mixin/injection/InjectionPoint$AtCode;",
        "target": "org/spongepowered/asm/mixin/injection/modify/AfterStoreLocal",
        "value": {
          "value": "STORE"
        }
      }
    ]
  },
  "org/spongepowered/asm/mixin/injection/modify/BeforeLoadLocal": {
    "name": "org/spongepowered/asm/mixin/injection/modify/BeforeLoadLocal",
    "annotations": [
      {
        "type": "CLASS",
        "name": "Lorg/spongepowered/asm/mixin/injection/InjectionPoint$AtCode;",
        "target": "org/spongepowered/asm/mixin/injection/modify/BeforeLoadLocal",
        "value": {
          "value": "LOAD"
        }
      }
    ]
  },
  "org/spongepowered/asm/mixin/injection/modify/LocalVariableDiscriminator$Context": {
    "name": "org/spongepowered/asm/mixin/injection/modify/LocalVariableDiscriminator$Context",
    "interfaces": [
      "org/spongepowered/asm/util/PrettyPrinter$IPrettyPrintable"
    ]
  },
  "org/spongepowered/asm/mixin/injection/points/AfterInvoke": {
    "name": "org/spongepowered/asm/mixin/injection/points/AfterInvoke",
    "annotations": [
      {
        "type": "CLASS",
        "name": "Lorg/spongepowered/asm/mixin/injection/InjectionPoint$AtCode;",
        "target": "org/spongepowered/asm/mixin/injection/points/AfterInvoke",
        "value": {
          "value": "INVOKE_ASSIGN"
        }
      }
    ]
  },
  "org/spongepowered/asm/mixin/injection/points/BeforeConstant": {
    "name": "org/spongepowered/asm/mixin/injection/points/BeforeConstant",
    "annotations": [
      {
        "type": "CLASS",
        "name": "Lorg/spongepowered/asm/mixin/injection/InjectionPoint$AtCode;",
        "target": "org/spongepowered/asm/mixin/injection/points/BeforeConstant",
        "value": {
          "value": "CONSTANT"
        }
      }
    ]
  },
  "org/spongepowered/asm/mixin/injection/points/BeforeFieldAccess": {
    "name": "org/spongepowered/asm/mixin/injection/points/BeforeFieldAccess",
    "annotations": [
      {
        "type": "CLASS",
        "name": "Lorg/spongepowered/asm/mixin/injection/InjectionPoint$AtCode;",
        "target": "org/spongepowered/asm/mixin/injection/points/BeforeFieldAccess",
        "value": {
          "value": "FIELD"
        }
      }
    ]
  },
  "org/spongepowered/asm/mixin/injection/points/BeforeFinalReturn": {
    "name": "org/spongepowered/asm/mixin/injection/points/BeforeFinalReturn",
    "annotations": [
      {
        "type": "CLASS",
        "name": "Lorg/spongepowered/asm/mixin/injection/InjectionPoint$AtCode;",
        "target": "org/spongepowered/asm/mixin/injection/points/BeforeFinalReturn",
        "value": {
          "value": "TAIL"
        }
      }
    ]
  },
  "org/spongepowered/asm/mixin/injection/points/BeforeInvoke": {
    "name": "org/spongepowered/asm/mixin/injection/points/BeforeInvoke",
    "annotations": [
      {
        "type": "CLASS",
        "name": "Lorg/spongepowered/asm/mixin/injection/InjectionPoint$AtCode;",
        "target": "org/spongepowered/asm/mixin/injection/points/BeforeInvoke",
        "value": {
          "value": "INVOKE"
        }
      }
    ]
  },
  "org/spongepowered/asm/mixin/injection/points/BeforeNew": {
    "name": "org/spongepowered/asm/mixin/injection/points/BeforeNew",
    "annotations": [
      {
        "type": "CLASS",
        "name": "Lorg/spongepowered/asm/mixin/injection/InjectionPoint$AtCode;",
        "target": "org/spongepowered/asm/mixin/injection/points/BeforeNew",
        "value": {
          "value": "NEW"
        }
      }
    ]
  },
  "org/spongepowered/asm/mixin/injection/points/BeforeReturn": {
    "name": "org/spongepowered/asm/mixin/injection/points/BeforeReturn",
    "annotations": [
      {
        "type": "CLASS",
        "name": "Lorg/spongepowered/asm/mixin/injection/InjectionPoint$AtCode;",
        "target": "org/spongepowered/asm/mixin/injection/points/BeforeReturn",
        "value": {
          "value": "RETURN"
        }
      }
    ]
  },
  "org/spongepowered/asm/mixin/injection/points/BeforeStringInvoke": {
    "name": "org/spongepowered/asm/mixin/injection/points/BeforeStringInvoke",
    "annotations": [
      {
        "type": "CLASS",
        "name": "Lorg/spongepowered/asm/mixin/injection/InjectionPoint$AtCode;",
        "target": "org/spongepowered/asm/mixin/injection/points/BeforeStringInvoke",
        "value": {
          "value": "INVOKE_STRING"
        }
      }
    ]
  },
  "org/spongepowered/asm/mixin/injection/points/JumpInsnPoint": {
    "name": "org/spongepowered/asm/mixin/injection/points/JumpInsnPoint",
    "annotations": [
      {
        "type": "CLASS",
        "name": "Lorg/spongepowered/asm/mixin/injection/InjectionPoint$AtCode;",
        "target": "org/spongepowered/asm/mixin/injection/points/JumpInsnPoint",
        "value": {
          "value": "JUMP"
        }
      }
    ]
  },
  "org/spongepowered/asm/mixin/injection/points/MethodHead": {
    "name": "org/spongepowered/asm/mixin/injection/points/MethodHead",
    "annotations": [
      {
        "type": "CLASS",
        "name": "Lorg/spongepowered/asm/mixin/injection/InjectionPoint$AtCode;",
        "target": "org/spongepowered/asm/mixin/injection/points/MethodHead",
        "value": {
          "value": "HEAD"
        }
      }
    ]
  },
  "org/spongepowered/asm/mixin/injection/struct/InjectionInfo": {
    "name": "org/spongepowered/asm/mixin/injection/struct/InjectionInfo",
    "interfaces": [
      "org/spongepowered/asm/mixin/injection/code/ISliceContext"
    ]
  },
  "org/spongepowered/asm/mixin/injection/struct/InjectionNodes$InjectionNode": {
    "name": "org/spongepowered/asm/mixin/injection/struct/InjectionNodes$InjectionNode",
    "interfaces": [
      "java/lang/Comparable"
    ]
  },
  "org/spongepowered/asm/mixin/injection/struct/Target": {
    "name": "org/spongepowered/asm/mixin/injection/struct/Target",
    "interfaces": [
      "java/lang/Comparable",
      "java/lang/Iterable"
    ]
  },
  "org/spongepowered/asm/mixin/refmap/ReferenceMapper": {
    "name": "org/spongepowered/asm/mixin/refmap/ReferenceMapper",
    "interfaces": [
      "org/spongepowered/asm/mixin/refmap/IReferenceMapper",
      "java/io/Serializable"
    ]
  },
  "org/spongepowered/asm/mixin/refmap/RemappingReferenceMapper": {
    "name": "org/spongepowered/asm/mixin/refmap/RemappingReferenceMapper",
    "interfaces": [
      "org/spongepowered/asm/mixin/refmap/IReferenceMapper"
    ]
  },
  "org/spongepowered/asm/mixin/refmap/RemappingReferenceMapper$1": {
    "name": "org/spongepowered/asm/mixin/refmap/RemappingReferenceMapper$1",
    "interfaces": [
      "com/google/common/io/LineProcessor"
    ]
  },
  "org/spongepowered/asm/mixin/struct/SpecialMethodInfo": {
    "name": "org/spongepowered/asm/mixin/struct/SpecialMethodInfo",
    "interfaces": [
      "org/spongepowered/asm/mixin/injection/IInjectionPointContext"
    ]
  },
  "org/spongepowered/asm/mixin/transformer/InnerClassGenerator": {
    "name": "org/spongepowered/asm/mixin/transformer/InnerClassGenerator",
    "interfaces": [
      "org/spongepowered/asm/mixin/transformer/ext/IClassGenerator"
    ]
  },
  "org/spongepowered/asm/mixin/transformer/MixinConfig": {
    "name": "org/spongepowered/asm/mixin/transformer/MixinConfig",
    "interfaces": [
      "java/lang/Comparable",
      "org/spongepowered/asm/mixin/extensibility/IMixinConfig"
    ],
    "annotations": [
      {
        "type": "FIELD",
        "name": "Lcom/google/gson/annotations/SerializedName;",
        "target": "selector",
        "value": {
          "value": "target"
        }
      },
      {
        "type": "FIELD",
        "name": "Lcom/google/gson/annotations/SerializedName;",
        "target": "version",
        "value": {
          "value": "minVersion"
        }
      },
      {
        "type": "FIELD",
        "name": "Lcom/google/gson/annotations/SerializedName;",
        "target": "compatibility",
        "value": {
          "value": "compatibilityLevel"
        }
      },
      {
        "type": "FIELD",
        "name": "Lcom/google/gson/annotations/SerializedName;",
        "target": "required",
        "value": {
          "value": "required"
        }
      },
      {
        "type": "FIELD",
        "name": "Lcom/google/gson/annotations/SerializedName;",
        "target": "priority",
        "value": {
          "value": "priority"
        }
      },
      {
        "type": "FIELD",
        "name": "Lcom/google/gson/annotations/SerializedName;",
        "target": "mixinPriority",
        "value": {
          "value": "mixinPriority"
        }
      },
      {
        "type": "FIELD",
        "name": "Lcom/google/gson/annotations/SerializedName;",
        "target": "mixinPackage",
        "value": {
          "value": "package"
        }
      },
      {
        "type": "FIELD",
        "name": "Lcom/google/gson/annotations/SerializedName;",
        "target": "mixinClasses",
        "value": {
          "value": "mixins"
        }
      },
      {
        "type": "FIELD",
        "name": "Lcom/google/gson/annotations/SerializedName;",
        "target": "mixinClassesClient",
        "value": {
          "value": "client"
        }
      },
      {
        "type": "FIELD",
        "name": "Lcom/google/gson/annotations/SerializedName;",
        "target": "mixinClassesServer",
        "value": {
          "value": "server"
        }
      },
      {
        "type": "FIELD",
        "name": "Lcom/google/gson/annotations/SerializedName;",
        "target": "setSourceFile",
        "value": {
          "value": "setSourceFile"
        }
      },
      {
        "type": "FIELD",
        "name": "Lcom/google/gson/annotations/SerializedName;",
        "target": "refMapperConfig",
        "value": {
          "value": "refmap"
        }
      },
      {
        "type": "FIELD",
        "name": "Lcom/google/gson/annotations/SerializedName;",
        "target": "verboseLogging",
        "value": {
          "value": "verbose"
        }
      },
      {
        "type": "FIELD",
        "name": "Lcom/google/gson/annotations/SerializedName;",
        "target": "pluginClassName",
        "value": {
          "value": "plugin"
        }
      },
      {
        "type": "FIELD",
        "name": "Lcom/google/gson/annotations/SerializedName;",
        "target": "injectorOptions",
        "value": {
          "value": "injectors"
        }
      },
      {
        "type": "FIELD",
        "name": "Lcom/google/gson/annotations/SerializedName;",
        "target": "overwriteOptions",
        "value": {
          "value": "overwrites"
        }
      }
    ]
  },
  "org/spongepowered/asm/mixin/transformer/MixinConfig$InjectorOptions": {
    "name": "org/spongepowered/asm/mixin/transformer/MixinConfig$InjectorOptions",
    "annotations": [
      {
        "type": "FIELD",
        "name": "Lcom/google/gson/annotations/SerializedName;",
        "target": "defaultRequireValue",
        "value": {
          "value": "defaultRequire"
        }
      },
      {
        "type": "FIELD",
        "name": "Lcom/google/gson/annotations/SerializedName;",
        "target": "defaultGroup",
        "value": {
          "value": "defaultGroup"
        }
      },
      {
        "type": "FIELD",
        "name": "Lcom/google/gson/annotations/SerializedName;",
        "target": "injectionPoints",
        "value": {
          "value": "injectionPoints"
        }
      },
      {
        "type": "FIELD",
        "name": "Lcom/google/gson/annotations/SerializedName;",
        "target": "maxShiftBy",
        "value": {
          "value": "maxShiftBy"
        }
      }
    ]
  },
  "org/spongepowered/asm/mixin/transformer/MixinConfig$OverwriteOptions": {
    "name": "org/spongepowered/asm/mixin/transformer/MixinConfig$OverwriteOptions",
    "annotations": [
      {
        "type": "FIELD",
        "name": "Lcom/google/gson/annotations/SerializedName;",
        "target": "conformAccessModifiers",
        "value": {
          "value": "conformVisibility"
        }
      },
      {
        "type": "FIELD",
        "name": "Lcom/google/gson/annotations/SerializedName;",
        "target": "requireOverwriteAnnotations",
        "value": {
          "value": "requireAnnotations"
        }
      }
    ]
  },
  "org/spongepowered/asm/mixin/transformer/MixinInfo": {
    "name": "org/spongepowered/asm/mixin/transformer/MixinInfo",
    "interfaces": [
      "java/lang/Comparable",
      "org/spongepowered/asm/mixin/extensibility/IMixinInfo"
    ]
  },
  "org/spongepowered/asm/mixin/transformer/MixinInfo$1": {
    "name": "org/spongepowered/asm/mixin/transformer/MixinInfo$1",
    "interfaces": [
      "com/google/common/base/Function"
    ]
  },
  "org/spongepowered/asm/mixin/transformer/MixinInfo$2": {
    "name": "org/spongepowered/asm/mixin/transformer/MixinInfo$2",
    "interfaces": [
      "com/google/common/base/Function"
    ]
  },
  "org/spongepowered/asm/mixin/transformer/MixinPostProcessor": {
    "name": "org/spongepowered/asm/mixin/transformer/MixinPostProcessor",
    "interfaces": [
      "org/spongepowered/asm/mixin/transformer/MixinConfig$IListener"
    ]
  },
  "org/spongepowered/asm/mixin/transformer/MixinTargetContext": {
    "name": "org/spongepowered/asm/mixin/transformer/MixinTargetContext",
    "interfaces": [
      "org/spongepowered/asm/mixin/refmap/IMixinContext"
    ]
  },
  "org/spongepowered/asm/mixin/transformer/MixinTransformer$1": {
    "name": "org/spongepowered/asm/mixin/transformer/MixinTransformer$1",
    "interfaces": [
      "org/spongepowered/asm/mixin/transformer/MixinConfig$IListener"
    ]
  },
  "org/spongepowered/asm/mixin/transformer/Proxy": {
    "name": "org/spongepowered/asm/mixin/transformer/Proxy",
    "interfaces": [
      "net/minecraft/launchwrapper/IClassTransformer",
      "org/spongepowered/asm/service/ILegacyClassTransformer"
    ]
  },
  "org/spongepowered/asm/mixin/transformer/TargetClassContext": {
    "name": "org/spongepowered/asm/mixin/transformer/TargetClassContext",
    "interfaces": [
      "org/spongepowered/asm/mixin/transformer/ext/ITargetClassContext"
    ]
  },
  "org/spongepowered/asm/mixin/transformer/debug/RuntimeDecompiler": {
    "name": "org/spongepowered/asm/mixin/transformer/debug/RuntimeDecompiler",
    "interfaces": [
      "org/spongepowered/asm/mixin/transformer/ext/IDecompiler",
      "org/jetbrains/java/decompiler/main/extern/IResultSaver"
    ]
  },
  "org/spongepowered/asm/mixin/transformer/debug/RuntimeDecompiler$1": {
    "name": "org/spongepowered/asm/mixin/transformer/debug/RuntimeDecompiler$1",
    "interfaces": [
      "org/jetbrains/java/decompiler/main/extern/IBytecodeProvider"
    ]
  },
  "org/spongepowered/asm/mixin/transformer/debug/RuntimeDecompilerAsync": {
    "name": "org/spongepowered/asm/mixin/transformer/debug/RuntimeDecompilerAsync",
    "interfaces": [
      "java/lang/Runnable",
      "java/lang/Thread$UncaughtExceptionHandler"
    ]
  },
  "org/spongepowered/asm/mixin/transformer/ext/extensions/ExtensionCheckClass": {
    "name": "org/spongepowered/asm/mixin/transformer/ext/extensions/ExtensionCheckClass",
    "interfaces": [
      "org/spongepowered/asm/mixin/transformer/ext/IExtension"
    ]
  },
  "org/spongepowered/asm/mixin/transformer/ext/extensions/ExtensionCheckInterfaces": {
    "name": "org/spongepowered/asm/mixin/transformer/ext/extensions/ExtensionCheckInterfaces",
    "interfaces": [
      "org/spongepowered/asm/mixin/transformer/ext/IExtension"
    ]
  },
  "org/spongepowered/asm/mixin/transformer/ext/extensions/ExtensionClassExporter": {
    "name": "org/spongepowered/asm/mixin/transformer/ext/extensions/ExtensionClassExporter",
    "interfaces": [
      "org/spongepowered/asm/mixin/transformer/ext/IExtension"
    ]
  },
  "org/spongepowered/asm/mixin/transformer/meta/MixinInner": {
    "name": "org/spongepowered/asm/mixin/transformer/meta/MixinInner",
    "interfaces": [
      "java/lang/annotation/Annotation"
    ]
  },
  "org/spongepowered/asm/mixin/transformer/meta/MixinMerged": {
    "name": "org/spongepowered/asm/mixin/transformer/meta/MixinMerged",
    "interfaces": [
      "java/lang/annotation/Annotation"
    ]
  },
  "org/spongepowered/asm/mixin/transformer/meta/MixinRenamed": {
    "name": "org/spongepowered/asm/mixin/transformer/meta/MixinRenamed",
    "interfaces": [
      "java/lang/annotation/Annotation"
    ]
  },
  "org/spongepowered/asm/obfuscation/RemapperChain": {
    "name": "org/spongepowered/asm/obfuscation/RemapperChain",
    "interfaces": [
      "org/spongepowered/asm/mixin/extensibility/IRemapper"
    ]
  },
  "org/spongepowered/asm/obfuscation/mapping/common/MappingField": {
    "name": "org/spongepowered/asm/obfuscation/mapping/common/MappingField",
    "interfaces": [
      "org/spongepowered/asm/obfuscation/mapping/IMapping"
    ]
  },
  "org/spongepowered/asm/obfuscation/mapping/common/MappingMethod": {
    "name": "org/spongepowered/asm/obfuscation/mapping/common/MappingMethod",
    "interfaces": [
      "org/spongepowered/asm/obfuscation/mapping/IMapping"
    ]
  },
  "org/spongepowered/asm/service/ILegacyClassTransformer": {
    "name": "org/spongepowered/asm/service/ILegacyClassTransformer",
    "interfaces": [
      "org/spongepowered/asm/service/ITransformer"
    ]
  },
  "org/spongepowered/asm/service/mojang/Blackboard": {
    "name": "org/spongepowered/asm/service/mojang/Blackboard",
    "interfaces": [
      "org/spongepowered/asm/service/IGlobalPropertyService"
    ]
  },
  "org/spongepowered/asm/service/mojang/LegacyTransformerHandle": {
    "name": "org/spongepowered/asm/service/mojang/LegacyTransformerHandle",
    "interfaces": [
      "org/spongepowered/asm/service/ILegacyClassTransformer"
    ]
  },
  "org/spongepowered/asm/service/mojang/MixinServiceLaunchWrapper": {
    "name": "org/spongepowered/asm/service/mojang/MixinServiceLaunchWrapper",
    "interfaces": [
      "org/spongepowered/asm/service/IMixinService",
      "org/spongepowered/asm/service/IClassProvider",
      "org/spongepowered/asm/service/IClassBytecodeProvider"
    ]
  },
  "org/spongepowered/asm/service/mojang/MixinServiceLaunchWrapperBootstrap": {
    "name": "org/spongepowered/asm/service/mojang/MixinServiceLaunchWrapperBootstrap",
    "interfaces": [
      "org/spongepowered/asm/service/IMixinServiceBootstrap"
    ]
  },
  "org/spongepowered/asm/transformers/TreeTransformer": {
    "name": "org/spongepowered/asm/transformers/TreeTransformer",
    "interfaces": [
      "org/spongepowered/asm/service/ILegacyClassTransformer"
    ]
  },
  "org/spongepowered/asm/util/Annotations$1": {
    "name": "org/spongepowered/asm/util/Annotations$1",
    "interfaces": [
      "com/google/common/base/Function"
    ]
  },
  "org/spongepowered/asm/util/ClassSignature$Token": {
    "name": "org/spongepowered/asm/util/ClassSignature$Token",
    "interfaces": [
      "org/spongepowered/asm/util/ClassSignature$IToken"
    ]
  },
  "org/spongepowered/asm/util/ClassSignature$TokenHandle": {
    "name": "org/spongepowered/asm/util/ClassSignature$TokenHandle",
    "interfaces": [
      "org/spongepowered/asm/util/ClassSignature$IToken"
    ]
  },
  "org/spongepowered/asm/util/ClassSignature$TypeVar": {
    "name": "org/spongepowered/asm/util/ClassSignature$TypeVar",
    "interfaces": [
      "java/lang/Comparable"
    ]
  },
  "org/spongepowered/asm/util/PrettyPrinter$HorizontalRule": {
    "name": "org/spongepowered/asm/util/PrettyPrinter$HorizontalRule",
    "interfaces": [
      "org/spongepowered/asm/util/PrettyPrinter$ISpecialEntry"
    ]
  },
  "org/spongepowered/asm/util/PrettyPrinter$KeyValue": {
    "name": "org/spongepowered/asm/util/PrettyPrinter$KeyValue",
    "interfaces": [
      "org/spongepowered/asm/util/PrettyPrinter$IVariableWidthEntry"
    ]
  },
  "org/spongepowered/asm/util/PrettyPrinter$Row": {
    "name": "org/spongepowered/asm/util/PrettyPrinter$Row",
    "interfaces": [
      "org/spongepowered/asm/util/PrettyPrinter$IVariableWidthEntry"
    ]
  },
  "org/spongepowered/asm/util/PrettyPrinter$Table": {
    "name": "org/spongepowered/asm/util/PrettyPrinter$Table",
    "interfaces": [
      "org/spongepowered/asm/util/PrettyPrinter$IVariableWidthEntry"
    ]
  },
  "org/spongepowered/asm/util/VersionNumber": {
    "name": "org/spongepowered/asm/util/VersionNumber",
    "interfaces": [
      "java/lang/Comparable",
      "java/io/Serializable"
    ]
  },
  "org/spongepowered/tools/agent/MixinAgent": {
    "name": "org/spongepowered/tools/agent/MixinAgent",
    "interfaces": [
      "org/spongepowered/asm/mixin/transformer/ext/IHotSwap"
    ]
  },
  "org/spongepowered/tools/agent/MixinAgent$Transformer": {
    "name": "org/spongepowered/tools/agent/MixinAgent$Transformer",
    "interfaces": [
      "java/lang/instrument/ClassFileTransformer"
    ]
  },
  "org/spongepowered/tools/obfuscation/AnnotatedMixinElementHandlerAccessor": {
    "name": "org/spongepowered/tools/obfuscation/AnnotatedMixinElementHandlerAccessor",
    "interfaces": [
      "org/spongepowered/asm/mixin/refmap/IMixinContext"
    ]
  },
  "org/spongepowered/tools/obfuscation/AnnotatedMixins": {
    "name": "org/spongepowered/tools/obfuscation/AnnotatedMixins",
    "interfaces": [
      "org/spongepowered/tools/obfuscation/interfaces/IMixinAnnotationProcessor",
      "org/spongepowered/asm/util/ITokenProvider",
      "org/spongepowered/tools/obfuscation/interfaces/ITypeHandleProvider",
      "org/spongepowered/tools/obfuscation/interfaces/IJavadocProvider"
    ]
  },
  "org/spongepowered/tools/obfuscation/Mappings": {
    "name": "org/spongepowered/tools/obfuscation/Mappings",
    "interfaces": [
      "org/spongepowered/tools/obfuscation/mapping/IMappingConsumer"
    ]
  },
  "org/spongepowered/tools/obfuscation/Mappings$UniqueMappings": {
    "name": "org/spongepowered/tools/obfuscation/Mappings$UniqueMappings",
    "interfaces": [
      "org/spongepowered/tools/obfuscation/mapping/IMappingConsumer"
    ]
  },
  "org/spongepowered/tools/obfuscation/MixinValidator": {
    "name": "org/spongepowered/tools/obfuscation/MixinValidator",
    "interfaces": [
      "org/spongepowered/tools/obfuscation/interfaces/IMixinValidator"
    ]
  },
  "org/spongepowered/tools/obfuscation/ObfuscationData": {
    "name": "org/spongepowered/tools/obfuscation/ObfuscationData",
    "interfaces": [
      "java/lang/Iterable"
    ]
  },
  "org/spongepowered/tools/obfuscation/ObfuscationDataProvider": {
    "name": "org/spongepowered/tools/obfuscation/ObfuscationDataProvider",
    "interfaces": [
      "org/spongepowered/tools/obfuscation/interfaces/IObfuscationDataProvider"
    ]
  },
  "org/spongepowered/tools/obfuscation/ObfuscationEnvironment": {
    "name": "org/spongepowered/tools/obfuscation/ObfuscationEnvironment",
    "interfaces": [
      "org/spongepowered/tools/obfuscation/interfaces/IObfuscationEnvironment"
    ]
  },
  "org/spongepowered/tools/obfuscation/ObfuscationEnvironment$RemapperProxy": {
    "name": "org/spongepowered/tools/obfuscation/ObfuscationEnvironment$RemapperProxy",
    "interfaces": [
      "org/spongepowered/asm/util/ObfuscationUtil$IClassRemapper"
    ]
  },
  "org/spongepowered/tools/obfuscation/ObfuscationManager": {
    "name": "org/spongepowered/tools/obfuscation/ObfuscationManager",
    "interfaces": [
      "org/spongepowered/tools/obfuscation/interfaces/IObfuscationManager"
    ]
  },
  "org/spongepowered/tools/obfuscation/ReferenceManager": {
    "name": "org/spongepowered/tools/obfuscation/ReferenceManager",
    "interfaces": [
      "org/spongepowered/tools/obfuscation/interfaces/IReferenceManager"
    ]
  },
  "org/spongepowered/tools/obfuscation/interfaces/IMixinAnnotationProcessor": {
    "name": "org/spongepowered/tools/obfuscation/interfaces/IMixinAnnotationProcessor",
    "interfaces": [
      "javax/annotation/processing/Messager",
      "org/spongepowered/tools/obfuscation/interfaces/IOptionProvider"
    ]
  },
  "org/spongepowered/tools/obfuscation/mapping/common/MappingProvider": {
    "name": "org/spongepowered/tools/obfuscation/mapping/common/MappingProvider",
    "interfaces": [
      "org/spongepowered/tools/obfuscation/mapping/IMappingProvider"
    ]
  },
  "org/spongepowered/tools/obfuscation/mapping/common/MappingWriter": {
    "name": "org/spongepowered/tools/obfuscation/mapping/common/MappingWriter",
    "interfaces": [
      "org/spongepowered/tools/obfuscation/mapping/IMappingWriter"
    ]
  },
  "org/spongepowered/tools/obfuscation/mapping/mcp/MappingProviderSrg$1": {
    "name": "org/spongepowered/tools/obfuscation/mapping/mcp/MappingProviderSrg$1",
    "interfaces": [
      "com/google/common/io/LineProcessor"
    ]
  },
  "org/spongepowered/tools/obfuscation/mcp/ObfuscationServiceMCP": {
    "name": "org/spongepowered/tools/obfuscation/mcp/ObfuscationServiceMCP",
    "interfaces": [
      "org/spongepowered/tools/obfuscation/service/IObfuscationService"
    ]
  },
  "org/spongepowered/tools/obfuscation/mirror/TypeReference": {
    "name": "org/spongepowered/tools/obfuscation/mirror/TypeReference",
    "interfaces": [
      "java/io/Serializable",
      "java/lang/Comparable"
    ]
  }
}