{
  "club/minnced/discord/rpc/DiscordEventHandlers": 52,
  "club/minnced/discord/rpc/DiscordEventHandlers$OnGameUpdate": 52,
  "club/minnced/discord/rpc/DiscordEventHandlers$OnJoinRequest": 52,
  "club/minnced/discord/rpc/DiscordEventHandlers$OnReady": 52,
  "club/minnced/discord/rpc/DiscordEventHandlers$OnStatus": 52,
  "club/minnced/discord/rpc/DiscordRPC": 52,
  "club/minnced/discord/rpc/DiscordRichPresence": 52,
  "club/minnced/discord/rpc/DiscordUser": 52,
  "me/linus/momentum/Momentum": 52,
  "me/linus/momentum/api/events/Event": 52,
  "me/linus/momentum/api/events/Event$Era": 52,
  "me/linus/momentum/api/events/EventProcessor": 52,
  "me/linus/momentum/api/events/forge/MoveEvent": 52,
  "me/linus/momentum/api/events/forge/WalkEvent": 52,
  "me/linus/momentum/api/events/mixin/BossBarEvent": 52,
  "me/linus/momentum/api/events/mixin/BreakBlockEvent": 52,
  "me/linus/momentum/api/events/mixin/EntityRenderEvent": 52,
  "me/linus/momentum/api/events/mixin/EventPlayerDamageBlock": 52,
  "me/linus/momentum/api/events/mixin/EventPlayerMove": 52,
  "me/linus/momentum/api/events/mixin/OutlineEvent": 52,
  "me/linus/momentum/api/events/mixin/PacketEvent": 52,
  "me/linus/momentum/api/events/mixin/PacketEvent$PostReceive": 52,
  "me/linus/momentum/api/events/mixin/PacketEvent$PostSend": 52,
  "me/linus/momentum/api/events/mixin/PacketEvent$Receive": 52,
  "me/linus/momentum/api/events/mixin/PacketEvent$Send": 52,
  "me/linus/momentum/api/events/mixin/PlayerJumpEvent": 52,
  "me/linus/momentum/api/events/mixin/PushEvent": 52,
  "me/linus/momentum/api/events/mixin/RenderEvent": 52,
  "me/linus/momentum/api/events/mixin/access/MinecraftInterface": 52,
  "me/linus/momentum/api/events/mixin/access/TimerInterface": 52,
  "me/linus/momentum/gui/GUI": 52,
  "me/linus/momentum/gui/component/Component": 52,
  "me/linus/momentum/gui/component/Frame": 52,
  "me/linus/momentum/gui/component/components/Button": 52,
  "me/linus/momentum/gui/component/components/root/Checkbox": 52,
  "me/linus/momentum/gui/component/components/root/Keybind": 52,
  "me/linus/momentum/gui/component/components/root/ModeButton": 52,
  "me/linus/momentum/gui/component/components/root/Slider": 52,
  "me/linus/momentum/gui/component/render/Render": 52,
  "me/linus/momentum/gui/font/CFont": 52,
  "me/linus/momentum/gui/font/CFont$CharData": 52,
  "me/linus/momentum/gui/font/CFontRender": 52,
  "me/linus/momentum/mixins/MixinAbstractClientPlayer": 52,
  "me/linus/momentum/mixins/MixinArmorLayer": 52,
  "me/linus/momentum/mixins/MixinArmorLayer$1": 52,
  "me/linus/momentum/mixins/MixinBossBarOverlay": 52,
  "me/linus/momentum/mixins/MixinEntityRender": 52,
  "me/linus/momentum/mixins/MixinInventory": 52,
  "me/linus/momentum/mixins/MixinLivingEntityRender": 52,
  "me/linus/momentum/mixins/MixinLoaderForge": 52,
  "me/linus/momentum/mixins/MixinMainMenu": 52,
  "me/linus/momentum/mixins/MixinNetworkManager": 52,
  "me/linus/momentum/mixins/MixinPlayer": 52,
  "me/linus/momentum/mixins/MixinPlayerControllerMP": 52,
  "me/linus/momentum/mixins/MixinPlayerMP": 52,
  "me/linus/momentum/mixins/MixinPlayerModel": 52,
  "me/linus/momentum/mixins/MixinPlayerSP": 52,
  "me/linus/momentum/mixins/MixinRenderItem": 52,
  "me/linus/momentum/module/Category": 52,
  "me/linus/momentum/module/Module": 52,
  "me/linus/momentum/module/ModuleManager": 52,
  "me/linus/momentum/module/modules/combat/AutoArmor": 52,
  "me/linus/momentum/module/modules/combat/AutoCity": 52,
  "me/linus/momentum/module/modules/combat/AutoCrystal": 52,
  "me/linus/momentum/module/modules/combat/AutoTotem": 52,
  "me/linus/momentum/module/modules/combat/Criticals": 52,
  "me/linus/momentum/module/modules/combat/FastBow": 52,
  "me/linus/momentum/module/modules/combat/FastPlace": 52,
  "me/linus/momentum/module/modules/combat/GappleChug": 52,
  "me/linus/momentum/module/modules/combat/HoleMovement": 52,
  "me/linus/momentum/module/modules/combat/Offhand": 52,
  "me/linus/momentum/module/modules/combat/QuickEXP": 52,
  "me/linus/momentum/module/modules/combat/Quiver": 52,
  "me/linus/momentum/module/modules/combat/Surround": 52,
  "me/linus/momentum/module/modules/combat/Web": 52,
  "me/linus/momentum/module/modules/gui/ActiveModules": 52,
  "me/linus/momentum/module/modules/gui/Capes": 52,
  "me/linus/momentum/module/modules/gui/ClickGUI": 52,
  "me/linus/momentum/module/modules/gui/HUD": 52,
  "me/linus/momentum/module/modules/gui/HUD$Direction": 52,
  "me/linus/momentum/module/modules/gui/InventoryViewer": 52,
  "me/linus/momentum/module/modules/gui/TargetHUD": 52,
  "me/linus/momentum/module/modules/misc/ChatSuffix": 52,
  "me/linus/momentum/module/modules/misc/DiscordRPC": 52,
  "me/linus/momentum/module/modules/misc/EntityAlert": 52,
  "me/linus/momentum/module/modules/misc/FakePlayer": 52,
  "me/linus/momentum/module/modules/misc/PlayerAlert": 52,
  "me/linus/momentum/module/modules/misc/PrefixChat": 52,
  "me/linus/momentum/module/modules/misc/SkinBlinker": 52,
  "me/linus/momentum/module/modules/movement/BiomeSpeed": 52,
  "me/linus/momentum/module/modules/movement/GUIMove": 52,
  "me/linus/momentum/module/modules/movement/LongJump": 52,
  "me/linus/momentum/module/modules/movement/NoSlow": 52,
  "me/linus/momentum/module/modules/movement/Scaffold": 52,
  "me/linus/momentum/module/modules/movement/Sprint": 52,
  "me/linus/momentum/module/modules/movement/Step": 52,
  "me/linus/momentum/module/modules/movement/Velocity": 52,
  "me/linus/momentum/module/modules/player/AntiHunger": 52,
  "me/linus/momentum/module/modules/player/ExtraSlots": 52,
  "me/linus/momentum/module/modules/player/HandProgress": 52,
  "me/linus/momentum/module/modules/player/MultiTask": 52,
  "me/linus/momentum/module/modules/player/PacketMine": 52,
  "me/linus/momentum/module/modules/player/QuickMine": 52,
  "me/linus/momentum/module/modules/player/Refill": 52,
  "me/linus/momentum/module/modules/player/SwingPrevent": 52,
  "me/linus/momentum/module/modules/player/Timer": 52,
  "me/linus/momentum/module/modules/render/ESP": 52,
  "me/linus/momentum/module/modules/render/FullBright": 52,
  "me/linus/momentum/module/modules/render/HoleESP": 52,
  "me/linus/momentum/module/modules/render/ItemPreview": 52,
  "me/linus/momentum/module/modules/render/NoRender": 52,
  "me/linus/momentum/module/modules/render/NoWeather": 52,
  "me/linus/momentum/module/modules/render/Skeleton": 52,
  "me/linus/momentum/module/modules/render/StorageESP": 52,
  "me/linus/momentum/module/modules/render/WorldColor": 52,
  "me/linus/momentum/utils/Colors": 52,
  "me/linus/momentum/utils/GeometryMasks": 52,
  "me/linus/momentum/utils/GeometryMasks$Line": 52,
  "me/linus/momentum/utils/GeometryMasks$Quad": 52,
  "me/linus/momentum/utils/Pair": 52,
  "me/linus/momentum/utils/Timer": 52,
  "me/linus/momentum/utils/Wrapper": 52,
  "me/linus/momentum/utils/capes/CapeUtils": 52,
  "me/linus/momentum/utils/command/Command": 52,
  "me/linus/momentum/utils/command/CommandManager": 52,
  "me/linus/momentum/utils/command/commands/Bind": 52,
  "me/linus/momentum/utils/command/commands/Dupe": 52,
  "me/linus/momentum/utils/command/commands/Help": 52,
  "me/linus/momentum/utils/command/commands/Prefix": 52,
  "me/linus/momentum/utils/command/commands/Toggle": 52,
  "me/linus/momentum/utils/managers/ConfigManager": 52,
  "me/linus/momentum/utils/managers/DiscordManager": 52,
  "me/linus/momentum/utils/managers/MessageManager": 52,
  "me/linus/momentum/utils/settings/Setting": 52,
  "me/linus/momentum/utils/settings/SettingsManager": 52,
  "me/linus/momentum/utils/utils/BlockUtils": 52,
  "me/linus/momentum/utils/utils/ColourUtils": 52,
  "me/linus/momentum/utils/utils/ColourUtils$ColorName": 52,
  "me/linus/momentum/utils/utils/ColourUtils$Colors": 52,
  "me/linus/momentum/utils/utils/ESPUtils": 52,
  "me/linus/momentum/utils/utils/EntityUtil": 52,
  "me/linus/momentum/utils/utils/FontUtils": 52,
  "me/linus/momentum/utils/utils/MathUtils": 52,
  "me/linus/momentum/utils/utils/MovementUtils": 52,
  "me/linus/momentum/utils/utils/PlayerUtil": 52,
  "me/linus/momentum/utils/utils/RenderUtil": 52,
  "me/zero/alpine/EventBus": 52,
  "me/zero/alpine/EventManager": 52,
  "me/zero/alpine/listener/EventHandler": 52,
  "me/zero/alpine/listener/EventHook": 52,
  "me/zero/alpine/listener/Listener": 52,
  "me/zero/alpine/type/Cancellable": 52,
  "me/zero/alpine/type/EventPriority": 52,
  "me/zero/alpine/type/EventState": 52,
  "net/jodah/typetools/TypeResolver": 50,
  "net/jodah/typetools/TypeResolver$1": 50,
  "net/jodah/typetools/TypeResolver$Unknown": 50,
  "org/json/simple/ItemList": 46,
  "org/json/simple/JSONArray": 46,
  "org/json/simple/JSONAware": 46,
  "org/json/simple/JSONObject": 46,
  "org/json/simple/JSONStreamAware": 46,
  "org/json/simple/JSONValue": 46,
  "org/json/simple/parser/ContainerFactory": 46,
  "org/json/simple/parser/ContentHandler": 46,
  "org/json/simple/parser/JSONParser": 46,
  "org/json/simple/parser/ParseException": 46,
  "org/json/simple/parser/Yylex": 46,
  "org/json/simple/parser/Yytoken": 46,
  "org/spongepowered/asm/bridge/RemapperAdapter": 50,
  "org/spongepowered/asm/bridge/RemapperAdapterFML": 50,
  "org/spongepowered/asm/launch/GlobalProperties": 50,
  "org/spongepowered/asm/launch/GlobalProperties$Keys": 50,
  "org/spongepowered/asm/launch/MixinBootstrap": 50,
  "org/spongepowered/asm/launch/MixinInitialisationError": 50,
  "org/spongepowered/asm/launch/MixinTweaker": 50,
  "org/spongepowered/asm/launch/platform/IMixinPlatformAgent": 50,
  "org/spongepowered/asm/launch/platform/MainAttributes": 50,
  "org/spongepowered/asm/launch/platform/MixinContainer": 50,
  "org/spongepowered/asm/launch/platform/MixinPlatformAgentAbstract": 50,
  "org/spongepowered/asm/launch/platform/MixinPlatformAgentDefault": 50,
  "org/spongepowered/asm/launch/platform/MixinPlatformAgentFML": 50,
  "org/spongepowered/asm/launch/platform/MixinPlatformManager": 50,
  "org/spongepowered/asm/lib/AnnotationVisitor": 49,
  "org/spongepowered/asm/lib/AnnotationWriter": 49,
  "org/spongepowered/asm/lib/Attribute": 49,
  "org/spongepowered/asm/lib/ByteVector": 49,
  "org/spongepowered/asm/lib/ClassReader": 49,
  "org/spongepowered/asm/lib/ClassVisitor": 49,
  "org/spongepowered/asm/lib/ClassWriter": 49,
  "org/spongepowered/asm/lib/Context": 49,
  "org/spongepowered/asm/lib/CurrentFrame": 49,
  "org/spongepowered/asm/lib/Edge": 49,
  "org/spongepowered/asm/lib/FieldVisitor": 49,
  "org/spongepowered/asm/lib/FieldWriter": 49,
  "org/spongepowered/asm/lib/Frame": 49,
  "org/spongepowered/asm/lib/Handle": 49,
  "org/spongepowered/asm/lib/Handler": 49,
  "org/spongepowered/asm/lib/Item": 49,
  "org/spongepowered/asm/lib/Label": 49,
  "org/spongepowered/asm/lib/MethodVisitor": 49,
  "org/spongepowered/asm/lib/MethodWriter": 49,
  "org/spongepowered/asm/lib/Opcodes": 49,
  "org/spongepowered/asm/lib/Type": 49,
  "org/spongepowered/asm/lib/TypePath": 49,
  "org/spongepowered/asm/lib/TypeReference": 49,
  "org/spongepowered/asm/lib/commons/ClassRemapper": 49,
  "org/spongepowered/asm/lib/signature/SignatureReader": 49,
  "org/spongepowered/asm/lib/signature/SignatureVisitor": 49,
  "org/spongepowered/asm/lib/signature/SignatureWriter": 49,
  "org/spongepowered/asm/lib/tree/AbstractInsnNode": 49,
  "org/spongepowered/asm/lib/tree/AnnotationNode": 49,
  "org/spongepowered/asm/lib/tree/ClassNode": 49,
  "org/spongepowered/asm/lib/tree/FieldInsnNode": 49,
  "org/spongepowered/asm/lib/tree/FieldNode": 49,
  "org/spongepowered/asm/lib/tree/FrameNode": 49,
  "org/spongepowered/asm/lib/tree/IincInsnNode": 49,
  "org/spongepowered/asm/lib/tree/InnerClassNode": 49,
  "org/spongepowered/asm/lib/tree/InsnList": 49,
  "org/spongepowered/asm/lib/tree/InsnList$InsnListIterator": 49,
  "org/spongepowered/asm/lib/tree/InsnNode": 49,
  "org/spongepowered/asm/lib/tree/IntInsnNode": 49,
  "org/spongepowered/asm/lib/tree/InvokeDynamicInsnNode": 49,
  "org/spongepowered/asm/lib/tree/JumpInsnNode": 49,
  "org/spongepowered/asm/lib/tree/LabelNode": 49,
  "org/spongepowered/asm/lib/tree/LdcInsnNode": 49,
  "org/spongepowered/asm/lib/tree/LineNumberNode": 49,
  "org/spongepowered/asm/lib/tree/LocalVariableAnnotationNode": 49,
  "org/spongepowered/asm/lib/tree/LocalVariableNode": 49,
  "org/spongepowered/asm/lib/tree/LookupSwitchInsnNode": 49,
  "org/spongepowered/asm/lib/tree/MethodInsnNode": 49,
  "org/spongepowered/asm/lib/tree/MethodNode": 49,
  "org/spongepowered/asm/lib/tree/MethodNode$1": 49,
  "org/spongepowered/asm/lib/tree/MultiANewArrayInsnNode": 49,
  "org/spongepowered/asm/lib/tree/ParameterNode": 49,
  "org/spongepowered/asm/lib/tree/TableSwitchInsnNode": 49,
  "org/spongepowered/asm/lib/tree/TryCatchBlockNode": 49,
  "org/spongepowered/asm/lib/tree/TypeAnnotationNode": 49,
  "org/spongepowered/asm/lib/tree/TypeInsnNode": 49,
  "org/spongepowered/asm/lib/tree/VarInsnNode": 49,
  "org/spongepowered/asm/lib/tree/analysis/Analyzer": 49,
  "org/spongepowered/asm/lib/tree/analysis/AnalyzerException": 49,
  "org/spongepowered/asm/lib/tree/analysis/BasicInterpreter": 49,
  "org/spongepowered/asm/lib/tree/analysis/BasicValue": 49,
  "org/spongepowered/asm/lib/tree/analysis/BasicVerifier": 49,
  "org/spongepowered/asm/lib/tree/analysis/Frame": 49,
  "org/spongepowered/asm/lib/tree/analysis/Interpreter": 49,
  "org/spongepowered/asm/lib/tree/analysis/SimpleVerifier": 49,
  "org/spongepowered/asm/lib/tree/analysis/SmallSet": 49,
  "org/spongepowered/asm/lib/tree/analysis/SourceInterpreter": 49,
  "org/spongepowered/asm/lib/tree/analysis/SourceValue": 49,
  "org/spongepowered/asm/lib/tree/analysis/Subroutine": 49,
  "org/spongepowered/asm/lib/tree/analysis/Value": 49,
  "org/spongepowered/asm/lib/util/ASMifiable": 49,
  "org/spongepowered/asm/lib/util/ASMifier": 49,
  "org/spongepowered/asm/lib/util/CheckAnnotationAdapter": 49,
  "org/spongepowered/asm/lib/util/CheckClassAdapter": 49,
  "org/spongepowered/asm/lib/util/CheckFieldAdapter": 49,
  "org/spongepowered/asm/lib/util/CheckMethodAdapter": 49,
  "org/spongepowered/asm/lib/util/CheckMethodAdapter$1": 49,
  "org/spongepowered/asm/lib/util/CheckSignatureAdapter": 49,
  "org/spongepowered/asm/lib/util/Printer": 49,
  "org/spongepowered/asm/lib/util/Textifiable": 49,
  "org/spongepowered/asm/lib/util/Textifier": 49,
  "org/spongepowered/asm/lib/util/TraceAnnotationVisitor": 49,
  "org/spongepowered/asm/lib/util/TraceClassVisitor": 49,
  "org/spongepowered/asm/lib/util/TraceFieldVisitor": 49,
  "org/spongepowered/asm/lib/util/TraceMethodVisitor": 49,
  "org/spongepowered/asm/lib/util/TraceSignatureVisitor": 49,
  "org/spongepowered/asm/mixin/Debug": 50,
  "org/spongepowered/asm/mixin/Dynamic": 50,
  "org/spongepowered/asm/mixin/EnvironmentStateTweaker": 50,
  "org/spongepowered/asm/mixin/Final": 50,
  "org/spongepowered/asm/mixin/Implements": 50,
  "org/spongepowered/asm/mixin/Interface": 50,
  "org/spongepowered/asm/mixin/Interface$Remap": 50,
  "org/spongepowered/asm/mixin/Intrinsic": 50,
  "org/spongepowered/asm/mixin/Mixin": 50,
  "org/spongepowered/asm/mixin/MixinEnvironment": 50,
  "org/spongepowered/asm/mixin/MixinEnvironment$1": 50,
  "org/spongepowered/asm/mixin/MixinEnvironment$CompatibilityLevel": 50,
  "org/spongepowered/asm/mixin/MixinEnvironment$CompatibilityLevel$1": 50,
  "org/spongepowered/asm/mixin/MixinEnvironment$CompatibilityLevel$2": 50,
  "org/spongepowered/asm/mixin/MixinEnvironment$CompatibilityLevel$3": 50,
  "org/spongepowered/asm/mixin/MixinEnvironment$MixinLogger": 50,
  "org/spongepowered/asm/mixin/MixinEnvironment$MixinLogger$MixinAppender": 50,
  "org/spongepowered/asm/mixin/MixinEnvironment$Option": 50,
  "org/spongepowered/asm/mixin/MixinEnvironment$Option$Inherit": 50,
  "org/spongepowered/asm/mixin/MixinEnvironment$Phase": 50,
  "org/spongepowered/asm/mixin/MixinEnvironment$Side": 50,
  "org/spongepowered/asm/mixin/MixinEnvironment$Side$1": 50,
  "org/spongepowered/asm/mixin/MixinEnvironment$Side$2": 50,
  "org/spongepowered/asm/mixin/MixinEnvironment$Side$3": 50,
  "org/spongepowered/asm/mixin/MixinEnvironment$TokenProviderWrapper": 50,
  "org/spongepowered/asm/mixin/Mixins": 50,
  "org/spongepowered/asm/mixin/Mutable": 50,
  "org/spongepowered/asm/mixin/Overwrite": 50,
  "org/spongepowered/asm/mixin/Pseudo": 50,
  "org/spongepowered/asm/mixin/Shadow": 50,
  "org/spongepowered/asm/mixin/SoftOverride": 50,
  "org/spongepowered/asm/mixin/Unique": 50,
  "org/spongepowered/asm/mixin/extensibility/IEnvironmentTokenProvider": 50,
  "org/spongepowered/asm/mixin/extensibility/IMixinConfig": 50,
  "org/spongepowered/asm/mixin/extensibility/IMixinConfigPlugin": 50,
  "org/spongepowered/asm/mixin/extensibility/IMixinErrorHandler": 50,
  "org/spongepowered/asm/mixin/extensibility/IMixinErrorHandler$ErrorAction": 50,
  "org/spongepowered/asm/mixin/extensibility/IMixinInfo": 50,
  "org/spongepowered/asm/mixin/extensibility/IRemapper": 50,
  "org/spongepowered/asm/mixin/gen/Accessor": 50,
  "org/spongepowered/asm/mixin/gen/AccessorGenerator": 50,
  "org/spongepowered/asm/mixin/gen/AccessorGeneratorField": 50,
  "org/spongepowered/asm/mixin/gen/AccessorGeneratorFieldGetter": 50,
  "org/spongepowered/asm/mixin/gen/AccessorGeneratorFieldSetter": 50,
  "org/spongepowered/asm/mixin/gen/AccessorGeneratorMethodProxy": 50,
  "org/spongepowered/asm/mixin/gen/AccessorInfo": 50,
  "org/spongepowered/asm/mixin/gen/AccessorInfo$1": 50,
  "org/spongepowered/asm/mixin/gen/AccessorInfo$AccessorType": 50,
  "org/spongepowered/asm/mixin/gen/AccessorInfo$AccessorType$1": 50,
  "org/spongepowered/asm/mixin/gen/AccessorInfo$AccessorType$2": 50,
  "org/spongepowered/asm/mixin/gen/AccessorInfo$AccessorType$3": 50,
  "org/spongepowered/asm/mixin/gen/Invoker": 50,
  "org/spongepowered/asm/mixin/gen/InvokerInfo": 50,
  "org/spongepowered/asm/mixin/gen/throwables/InvalidAccessorException": 50,
  "org/spongepowered/asm/mixin/injection/At": 50,
  "org/spongepowered/asm/mixin/injection/At$Shift": 50,
  "org/spongepowered/asm/mixin/injection/Coerce": 50,
  "org/spongepowered/asm/mixin/injection/Constant": 50,
  "org/spongepowered/asm/mixin/injection/Constant$Condition": 50,
  "org/spongepowered/asm/mixin/injection/Group": 50,
  "org/spongepowered/asm/mixin/injection/IInjectionPointContext": 50,
  "org/spongepowered/asm/mixin/injection/Inject": 50,
  "org/spongepowered/asm/mixin/injection/InjectionPoint": 50,
  "org/spongepowered/asm/mixin/injection/InjectionPoint$AtCode": 50,
  "org/spongepowered/asm/mixin/injection/InjectionPoint$CompositeInjectionPoint": 50,
  "org/spongepowered/asm/mixin/injection/InjectionPoint$Intersection": 50,
  "org/spongepowered/asm/mixin/injection/InjectionPoint$Selector": 50,
  "org/spongepowered/asm/mixin/injection/InjectionPoint$Shift": 50,
  "org/spongepowered/asm/mixin/injection/InjectionPoint$ShiftByViolationBehaviour": 50,
  "org/spongepowered/asm/mixin/injection/InjectionPoint$Union": 50,
  "org/spongepowered/asm/mixin/injection/ModifyArg": 50,
  "org/spongepowered/asm/mixin/injection/ModifyArgs": 50,
  "org/spongepowered/asm/mixin/injection/ModifyConstant": 50,
  "org/spongepowered/asm/mixin/injection/ModifyVariable": 50,
  "org/spongepowered/asm/mixin/injection/Redirect": 50,
  "org/spongepowered/asm/mixin/injection/Slice": 50,
  "org/spongepowered/asm/mixin/injection/Surrogate": 50,
  "org/spongepowered/asm/mixin/injection/callback/CallbackInfo": 50,
  "org/spongepowered/asm/mixin/injection/callback/CallbackInfoReturnable": 50,
  "org/spongepowered/asm/mixin/injection/callback/CallbackInjector": 50,
  "org/spongepowered/asm/mixin/injection/callback/CallbackInjector$1": 50,
  "org/spongepowered/asm/mixin/injection/callback/CallbackInjector$Callback": 50,
  "org/spongepowered/asm/mixin/injection/callback/Cancellable": 50,
  "org/spongepowered/asm/mixin/injection/callback/CancellationException": 50,
  "org/spongepowered/asm/mixin/injection/callback/LocalCapture": 50,
  "org/spongepowered/asm/mixin/injection/code/ISliceContext": 50,
  "org/spongepowered/asm/mixin/injection/code/Injector": 50,
  "org/spongepowered/asm/mixin/injection/code/Injector$TargetNode": 50,
  "org/spongepowered/asm/mixin/injection/code/InjectorTarget": 50,
  "org/spongepowered/asm/mixin/injection/code/MethodSlice": 50,
  "org/spongepowered/asm/mixin/injection/code/MethodSlice$InsnListSlice": 50,
  "org/spongepowered/asm/mixin/injection/code/MethodSlice$InsnListSlice$SliceIterator": 50,
  "org/spongepowered/asm/mixin/injection/code/MethodSlices": 50,
  "org/spongepowered/asm/mixin/injection/code/ReadOnlyInsnList": 50,
  "org/spongepowered/asm/mixin/injection/invoke/InvokeInjector": 50,
  "org/spongepowered/asm/mixin/injection/invoke/ModifyArgInjector": 50,
  "org/spongepowered/asm/mixin/injection/invoke/ModifyArgsInjector": 50,
  "org/spongepowered/asm/mixin/injection/invoke/ModifyConstantInjector": 50,
  "org/spongepowered/asm/mixin/injection/invoke/RedirectInjector": 50,
  "org/spongepowered/asm/mixin/injection/invoke/RedirectInjector$ConstructorRedirectData": 50,
  "org/spongepowered/asm/mixin/injection/invoke/RedirectInjector$Meta": 50,
  "org/spongepowered/asm/mixin/injection/invoke/arg/Args": 50,
  "org/spongepowered/asm/mixin/injection/invoke/arg/ArgsClassGenerator": 50,
  "org/spongepowered/asm/mixin/injection/invoke/arg/ArgumentCountException": 50,
  "org/spongepowered/asm/mixin/injection/invoke/arg/ArgumentIndexOutOfBoundsException": 50,
  "org/spongepowered/asm/mixin/injection/modify/AfterStoreLocal": 50,
  "org/spongepowered/asm/mixin/injection/modify/BeforeLoadLocal": 50,
  "org/spongepowered/asm/mixin/injection/modify/BeforeLoadLocal$SearchState": 50,
  "org/spongepowered/asm/mixin/injection/modify/InvalidImplicitDiscriminatorException": 50,
  "org/spongepowered/asm/mixin/injection/modify/LocalVariableDiscriminator": 50,
  "org/spongepowered/asm/mixin/injection/modify/LocalVariableDiscriminator$Context": 50,
  "org/spongepowered/asm/mixin/injection/modify/LocalVariableDiscriminator$Context$Local": 50,
  "org/spongepowered/asm/mixin/injection/modify/ModifyVariableInjector": 50,
  "org/spongepowered/asm/mixin/injection/modify/ModifyVariableInjector$Context": 50,
  "org/spongepowered/asm/mixin/injection/modify/ModifyVariableInjector$ContextualInjectionPoint": 50,
  "org/spongepowered/asm/mixin/injection/points/AfterInvoke": 50,
  "org/spongepowered/asm/mixin/injection/points/BeforeConstant": 50,
  "org/spongepowered/asm/mixin/injection/points/BeforeFieldAccess": 50,
  "org/spongepowered/asm/mixin/injection/points/BeforeFinalReturn": 50,
  "org/spongepowered/asm/mixin/injection/points/BeforeInvoke": 50,
  "org/spongepowered/asm/mixin/injection/points/BeforeNew": 50,
  "org/spongepowered/asm/mixin/injection/points/BeforeReturn": 50,
  "org/spongepowered/asm/mixin/injection/points/BeforeStringInvoke": 50,
  "org/spongepowered/asm/mixin/injection/points/JumpInsnPoint": 50,
  "org/spongepowered/asm/mixin/injection/points/MethodHead": 50,
  "org/spongepowered/asm/mixin/injection/struct/CallbackInjectionInfo": 50,
  "org/spongepowered/asm/mixin/injection/struct/InjectionInfo": 50,
  "org/spongepowered/asm/mixin/injection/struct/InjectionNodes": 50,
  "org/spongepowered/asm/mixin/injection/struct/InjectionNodes$InjectionNode": 50,
  "org/spongepowered/asm/mixin/injection/struct/InjectionPointData": 50,
  "org/spongepowered/asm/mixin/injection/struct/InjectorGroupInfo": 50,
  "org/spongepowered/asm/mixin/injection/struct/InjectorGroupInfo$Map": 50,
  "org/spongepowered/asm/mixin/injection/struct/InvalidMemberDescriptorException": 50,
  "org/spongepowered/asm/mixin/injection/struct/MemberInfo": 50,
  "org/spongepowered/asm/mixin/injection/struct/ModifyArgInjectionInfo": 50,
  "org/spongepowered/asm/mixin/injection/struct/ModifyArgsInjectionInfo": 50,
  "org/spongepowered/asm/mixin/injection/struct/ModifyConstantInjectionInfo": 50,
  "org/spongepowered/asm/mixin/injection/struct/ModifyVariableInjectionInfo": 50,
  "org/spongepowered/asm/mixin/injection/struct/RedirectInjectionInfo": 50,
  "org/spongepowered/asm/mixin/injection/struct/Target": 50,
  "org/spongepowered/asm/mixin/injection/throwables/InjectionError": 50,
  "org/spongepowered/asm/mixin/injection/throwables/InjectionValidationException": 50,
  "org/spongepowered/asm/mixin/injection/throwables/InvalidInjectionException": 50,
  "org/spongepowered/asm/mixin/injection/throwables/InvalidInjectionPointException": 50,
  "org/spongepowered/asm/mixin/injection/throwables/InvalidSliceException": 50,
  "org/spongepowered/asm/mixin/refmap/IMixinContext": 50,
  "org/spongepowered/asm/mixin/refmap/IReferenceMapper": 50,
  "org/spongepowered/asm/mixin/refmap/ReferenceMapper": 50,
  "org/spongepowered/asm/mixin/refmap/RemappingReferenceMapper": 50,
  "org/spongepowered/asm/mixin/refmap/RemappingReferenceMapper$1": 50,
  "org/spongepowered/asm/mixin/struct/MemberRef": 50,
  "org/spongepowered/asm/mixin/struct/MemberRef$Field": 50,
  "org/spongepowered/asm/mixin/struct/MemberRef$Handle": 50,
  "org/spongepowered/asm/mixin/struct/MemberRef$Method": 50,
  "org/spongepowered/asm/mixin/struct/SourceMap": 50,
  "org/spongepowered/asm/mixin/struct/SourceMap$File": 50,
  "org/spongepowered/asm/mixin/struct/SourceMap$Stratum": 50,
  "org/spongepowered/asm/mixin/struct/SpecialMethodInfo": 50,
  "org/spongepowered/asm/mixin/throwables/ClassAlreadyLoadedException": 50,
  "org/spongepowered/asm/mixin/throwables/MixinApplyError": 50,
  "org/spongepowered/asm/mixin/throwables/MixinException": 50,
  "org/spongepowered/asm/mixin/throwables/MixinPrepareError": 50,
  "org/spongepowered/asm/mixin/transformer/ClassContext": 50,
  "org/spongepowered/asm/mixin/transformer/ClassInfo": 50,
  "org/spongepowered/asm/mixin/transformer/ClassInfo$Field": 50,
  "org/spongepowered/asm/mixin/transformer/ClassInfo$FrameData": 50,
  "org/spongepowered/asm/mixin/transformer/ClassInfo$InterfaceMethod": 50,
  "org/spongepowered/asm/mixin/transformer/ClassInfo$Member": 50,
  "org/spongepowered/asm/mixin/transformer/ClassInfo$Member$Type": 50,
  "org/spongepowered/asm/mixin/transformer/ClassInfo$Method": 50,
  "org/spongepowered/asm/mixin/transformer/ClassInfo$SearchType": 50,
  "org/spongepowered/asm/mixin/transformer/ClassInfo$Traversal": 50,
  "org/spongepowered/asm/mixin/transformer/Config": 50,
  "org/spongepowered/asm/mixin/transformer/InnerClassGenerator": 50,
  "org/spongepowered/asm/mixin/transformer/InnerClassGenerator$InnerClassAdapter": 50,
  "org/spongepowered/asm/mixin/transformer/InnerClassGenerator$InnerClassInfo": 50,
  "org/spongepowered/asm/mixin/transformer/InterfaceInfo": 50,
  "org/spongepowered/asm/mixin/transformer/MethodMapper": 50,
  "org/spongepowered/asm/mixin/transformer/MixinApplicatorInterface": 50,
  "org/spongepowered/asm/mixin/transformer/MixinApplicatorStandard": 50,
  "org/spongepowered/asm/mixin/transformer/MixinApplicatorStandard$1": 50,
  "org/spongepowered/asm/mixin/transformer/MixinApplicatorStandard$ApplicatorPass": 50,
  "org/spongepowered/asm/mixin/transformer/MixinApplicatorStandard$InitialiserInjectionMode": 50,
  "org/spongepowered/asm/mixin/transformer/MixinApplicatorStandard$Range": 50,
  "org/spongepowered/asm/mixin/transformer/MixinConfig": 50,
  "org/spongepowered/asm/mixin/transformer/MixinConfig$1": 50,
  "org/spongepowered/asm/mixin/transformer/MixinConfig$IListener": 50,
  "org/spongepowered/asm/mixin/transformer/MixinConfig$InjectorOptions": 50,
  "org/spongepowered/asm/mixin/transformer/MixinConfig$OverwriteOptions": 50,
  "org/spongepowered/asm/mixin/transformer/MixinInfo": 50,
  "org/spongepowered/asm/mixin/transformer/MixinInfo$1": 50,
  "org/spongepowered/asm/mixin/transformer/MixinInfo$2": 50,
  "org/spongepowered/asm/mixin/transformer/MixinInfo$MixinClassNode": 50,
  "org/spongepowered/asm/mixin/transformer/MixinInfo$MixinMethodNode": 50,
  "org/spongepowered/asm/mixin/transformer/MixinInfo$Reloaded": 50,
  "org/spongepowered/asm/mixin/transformer/MixinInfo$State": 50,
  "org/spongepowered/asm/mixin/transformer/MixinInfo$SubType": 50,
  "org/spongepowered/asm/mixin/transformer/MixinInfo$SubType$Accessor": 50,
  "org/spongepowered/asm/mixin/transformer/MixinInfo$SubType$Interface": 50,
  "org/spongepowered/asm/mixin/transformer/MixinInfo$SubType$Standard": 50,
  "org/spongepowered/asm/mixin/transformer/MixinPostProcessor": 50,
  "org/spongepowered/asm/mixin/transformer/MixinPostProcessor$1": 50,
  "org/spongepowered/asm/mixin/transformer/MixinPreProcessorAccessor": 50,
  "org/spongepowered/asm/mixin/transformer/MixinPreProcessorInterface": 50,
  "org/spongepowered/asm/mixin/transformer/MixinPreProcessorStandard": 50,
  "org/spongepowered/asm/mixin/transformer/MixinPreProcessorStandard$SpecialMethod": 50,
  "org/spongepowered/asm/mixin/transformer/MixinTargetContext": 50,
  "org/spongepowered/asm/mixin/transformer/MixinTransformer": 50,
  "org/spongepowered/asm/mixin/transformer/MixinTransformer$1": 50,
  "org/spongepowered/asm/mixin/transformer/MixinTransformer$ErrorPhase": 50,
  "org/spongepowered/asm/mixin/transformer/MixinTransformer$ErrorPhase$1": 50,
  "org/spongepowered/asm/mixin/transformer/MixinTransformer$ErrorPhase$2": 50,
  "org/spongepowered/asm/mixin/transformer/Proxy": 50,
  "org/spongepowered/asm/mixin/transformer/TargetClassContext": 50,
  "org/spongepowered/asm/mixin/transformer/debug/RuntimeDecompiler": 50,
  "org/spongepowered/asm/mixin/transformer/debug/RuntimeDecompiler$1": 50,
  "org/spongepowered/asm/mixin/transformer/debug/RuntimeDecompilerAsync": 50,
  "org/spongepowered/asm/mixin/transformer/ext/Extensions": 50,
  "org/spongepowered/asm/mixin/transformer/ext/IClassGenerator": 50,
  "org/spongepowered/asm/mixin/transformer/ext/IDecompiler": 50,
  "org/spongepowered/asm/mixin/transformer/ext/IExtension": 50,
  "org/spongepowered/asm/mixin/transformer/ext/IHotSwap": 50,
  "org/spongepowered/asm/mixin/transformer/ext/ITargetClassContext": 50,
  "org/spongepowered/asm/mixin/transformer/ext/extensions/ExtensionCheckClass": 50,
  "org/spongepowered/asm/mixin/transformer/ext/extensions/ExtensionCheckClass$ValidationFailedException": 50,
  "org/spongepowered/asm/mixin/transformer/ext/extensions/ExtensionCheckInterfaces": 50,
  "org/spongepowered/asm/mixin/transformer/ext/extensions/ExtensionClassExporter": 50,
  "org/spongepowered/asm/mixin/transformer/meta/MixinInner": 50,
  "org/spongepowered/asm/mixin/transformer/meta/MixinMerged": 50,
  "org/spongepowered/asm/mixin/transformer/meta/MixinRenamed": 50,
  "org/spongepowered/asm/mixin/transformer/throwables/InvalidInterfaceMixinException": 50,
  "org/spongepowered/asm/mixin/transformer/throwables/InvalidMixinException": 50,
  "org/spongepowered/asm/mixin/transformer/throwables/MixinReloadException": 50,
  "org/spongepowered/asm/mixin/transformer/throwables/MixinTargetAlreadyLoadedException": 50,
  "org/spongepowered/asm/mixin/transformer/throwables/MixinTransformerError": 50,
  "org/spongepowered/asm/obfuscation/RemapperChain": 50,
  "org/spongepowered/asm/obfuscation/mapping/IMapping": 50,
  "org/spongepowered/asm/obfuscation/mapping/IMapping$Type": 50,
  "org/spongepowered/asm/obfuscation/mapping/common/MappingField": 50,
  "org/spongepowered/asm/obfuscation/mapping/common/MappingMethod": 50,
  "org/spongepowered/asm/obfuscation/mapping/mcp/MappingFieldSrg": 50,
  "org/spongepowered/asm/service/IClassBytecodeProvider": 50,
  "org/spongepowered/asm/service/IClassProvider": 50,
  "org/spongepowered/asm/service/IGlobalPropertyService": 50,
  "org/spongepowered/asm/service/ILegacyClassTransformer": 50,
  "org/spongepowered/asm/service/IMixinService": 50,
  "org/spongepowered/asm/service/IMixinServiceBootstrap": 50,
  "org/spongepowered/asm/service/ITransformer": 50,
  "org/spongepowered/asm/service/MixinService": 50,
  "org/spongepowered/asm/service/ServiceNotAvailableError": 50,
  "org/spongepowered/asm/service/mojang/Blackboard": 50,
  "org/spongepowered/asm/service/mojang/LaunchClassLoaderUtil": 50,
  "org/spongepowered/asm/service/mojang/LegacyTransformerHandle": 50,
  "org/spongepowered/asm/service/mojang/MixinServiceLaunchWrapper": 50,
  "org/spongepowered/asm/service/mojang/MixinServiceLaunchWrapperBootstrap": 50,
  "org/spongepowered/asm/transformers/MixinClassWriter": 50,
  "org/spongepowered/asm/transformers/TreeTransformer": 50,
  "org/spongepowered/asm/util/Annotations": 50,
  "org/spongepowered/asm/util/Annotations$1": 50,
  "org/spongepowered/asm/util/Bytecode": 50,
  "org/spongepowered/asm/util/Bytecode$Visibility": 50,
  "org/spongepowered/asm/util/ClassSignature": 50,
  "org/spongepowered/asm/util/ClassSignature$IToken": 50,
  "org/spongepowered/asm/util/ClassSignature$Lazy": 50,
  "org/spongepowered/asm/util/ClassSignature$SignatureParser": 50,
  "org/spongepowered/asm/util/ClassSignature$SignatureParser$BoundElement": 50,
  "org/spongepowered/asm/util/ClassSignature$SignatureParser$FormalParamElement": 50,
  "org/spongepowered/asm/util/ClassSignature$SignatureParser$InterfaceElement": 50,
  "org/spongepowered/asm/util/ClassSignature$SignatureParser$SignatureElement": 50,
  "org/spongepowered/asm/util/ClassSignature$SignatureParser$SuperClassElement": 50,
  "org/spongepowered/asm/util/ClassSignature$SignatureParser$TokenElement": 50,
  "org/spongepowered/asm/util/ClassSignature$SignatureParser$TypeArgElement": 50,
  "org/spongepowered/asm/util/ClassSignature$SignatureRemapper": 50,
  "org/spongepowered/asm/util/ClassSignature$Token": 50,
  "org/spongepowered/asm/util/ClassSignature$TokenHandle": 50,
  "org/spongepowered/asm/util/ClassSignature$TypeVar": 50,
  "org/spongepowered/asm/util/Constants": 50,
  "org/spongepowered/asm/util/Constants$ManifestAttributes": 50,
  "org/spongepowered/asm/util/ConstraintParser": 50,
  "org/spongepowered/asm/util/ConstraintParser$Constraint": 50,
  "org/spongepowered/asm/util/Counter": 50,
  "org/spongepowered/asm/util/ITokenProvider": 50,
  "org/spongepowered/asm/util/JavaVersion": 50,
  "org/spongepowered/asm/util/Locals": 50,
  "org/spongepowered/asm/util/ObfuscationUtil": 50,
  "org/spongepowered/asm/util/ObfuscationUtil$IClassRemapper": 50,
  "org/spongepowered/asm/util/PrettyPrinter": 50,
  "org/spongepowered/asm/util/PrettyPrinter$Alignment": 50,
  "org/spongepowered/asm/util/PrettyPrinter$CentredText": 50,
  "org/spongepowered/asm/util/PrettyPrinter$Column": 50,
  "org/spongepowered/asm/util/PrettyPrinter$HorizontalRule": 50,
  "org/spongepowered/asm/util/PrettyPrinter$IPrettyPrintable": 50,
  "org/spongepowered/asm/util/PrettyPrinter$ISpecialEntry": 50,
  "org/spongepowered/asm/util/PrettyPrinter$IVariableWidthEntry": 50,
  "org/spongepowered/asm/util/PrettyPrinter$KeyValue": 50,
  "org/spongepowered/asm/util/PrettyPrinter$Row": 50,
  "org/spongepowered/asm/util/PrettyPrinter$Table": 50,
  "org/spongepowered/asm/util/ReEntranceLock": 50,
  "org/spongepowered/asm/util/SignaturePrinter": 50,
  "org/spongepowered/asm/util/VersionNumber": 50,
  "org/spongepowered/asm/util/asm/MethodVisitorEx": 50,
  "org/spongepowered/asm/util/asm/MixinVerifier": 50,
  "org/spongepowered/asm/util/perf/Profiler": 50,
  "org/spongepowered/asm/util/perf/Profiler$LiveSection": 50,
  "org/spongepowered/asm/util/perf/Profiler$Section": 50,
  "org/spongepowered/asm/util/perf/Profiler$SubSection": 50,
  "org/spongepowered/asm/util/throwables/ConstraintViolationException": 50,
  "org/spongepowered/asm/util/throwables/InvalidConstraintException": 50,
  "org/spongepowered/asm/util/throwables/LVTGeneratorException": 50,
  "org/spongepowered/asm/util/throwables/SyntheticBridgeException": 50,
  "org/spongepowered/asm/util/throwables/SyntheticBridgeException$1": 50,
  "org/spongepowered/asm/util/throwables/SyntheticBridgeException$Problem": 50,
  "org/spongepowered/tools/agent/MixinAgent": 50,
  "org/spongepowered/tools/agent/MixinAgent$Transformer": 50,
  "org/spongepowered/tools/agent/MixinAgentClassLoader": 50,
  "org/spongepowered/tools/obfuscation/AnnotatedMixin": 50,
  "org/spongepowered/tools/obfuscation/AnnotatedMixinElementHandler": 50,
  "org/spongepowered/tools/obfuscation/AnnotatedMixinElementHandler$AliasedElementName": 50,
  "org/spongepowered/tools/obfuscation/AnnotatedMixinElementHandler$AnnotatedElement": 50,
  "org/spongepowered/tools/obfuscation/AnnotatedMixinElementHandler$ShadowElementName": 50,
  "org/spongepowered/tools/obfuscation/AnnotatedMixinElementHandlerAccessor": 50,
  "org/spongepowered/tools/obfuscation/AnnotatedMixinElementHandlerAccessor$1": 50,
  "org/spongepowered/tools/obfuscation/AnnotatedMixinElementHandlerAccessor$AnnotatedElementAccessor": 50,
  "org/spongepowered/tools/obfuscation/AnnotatedMixinElementHandlerAccessor$AnnotatedElementInvoker": 50,
  "org/spongepowered/tools/obfuscation/AnnotatedMixinElementHandlerInjector": 50,
  "org/spongepowered/tools/obfuscation/AnnotatedMixinElementHandlerInjector$AnnotatedElementInjectionPoint": 50,
  "org/spongepowered/tools/obfuscation/AnnotatedMixinElementHandlerInjector$AnnotatedElementInjector": 50,
  "org/spongepowered/tools/obfuscation/AnnotatedMixinElementHandlerOverwrite": 50,
  "org/spongepowered/tools/obfuscation/AnnotatedMixinElementHandlerOverwrite$AnnotatedElementOverwrite": 50,
  "org/spongepowered/tools/obfuscation/AnnotatedMixinElementHandlerShadow": 50,
  "org/spongepowered/tools/obfuscation/AnnotatedMixinElementHandlerShadow$AnnotatedElementShadow": 50,
  "org/spongepowered/tools/obfuscation/AnnotatedMixinElementHandlerShadow$AnnotatedElementShadowField": 50,
  "org/spongepowered/tools/obfuscation/AnnotatedMixinElementHandlerShadow$AnnotatedElementShadowMethod": 50,
  "org/spongepowered/tools/obfuscation/AnnotatedMixinElementHandlerSoftImplements": 50,
  "org/spongepowered/tools/obfuscation/AnnotatedMixins": 50,
  "org/spongepowered/tools/obfuscation/Mappings": 50,
  "org/spongepowered/tools/obfuscation/Mappings$MappingConflictException": 50,
  "org/spongepowered/tools/obfuscation/Mappings$UniqueMappings": 50,
  "org/spongepowered/tools/obfuscation/MixinObfuscationProcessor": 50,
  "org/spongepowered/tools/obfuscation/MixinObfuscationProcessorInjection": 50,
  "org/spongepowered/tools/obfuscation/MixinObfuscationProcessorTargets": 50,
  "org/spongepowered/tools/obfuscation/MixinValidator": 50,
  "org/spongepowered/tools/obfuscation/ObfuscationData": 50,
  "org/spongepowered/tools/obfuscation/ObfuscationDataProvider": 50,
  "org/spongepowered/tools/obfuscation/ObfuscationEnvironment": 50,
  "org/spongepowered/tools/obfuscation/ObfuscationEnvironment$RemapperProxy": 50,
  "org/spongepowered/tools/obfuscation/ObfuscationManager": 50,
  "org/spongepowered/tools/obfuscation/ObfuscationType": 50,
  "org/spongepowered/tools/obfuscation/ReferenceManager": 50,
  "org/spongepowered/tools/obfuscation/ReferenceManager$ReferenceConflictException": 50,
  "org/spongepowered/tools/obfuscation/SupportedOptions": 50,
  "org/spongepowered/tools/obfuscation/TargetMap": 50,
  "org/spongepowered/tools/obfuscation/interfaces/IJavadocProvider": 50,
  "org/spongepowered/tools/obfuscation/interfaces/IMixinAnnotationProcessor": 50,
  "org/spongepowered/tools/obfuscation/interfaces/IMixinAnnotationProcessor$CompilerEnvironment": 50,
  "org/spongepowered/tools/obfuscation/interfaces/IMixinValidator": 50,
  "org/spongepowered/tools/obfuscation/interfaces/IMixinValidator$ValidationPass": 50,
  "org/spongepowered/tools/obfuscation/interfaces/IObfuscationDataProvider": 50,
  "org/spongepowered/tools/obfuscation/interfaces/IObfuscationEnvironment": 50,
  "org/spongepowered/tools/obfuscation/interfaces/IObfuscationManager": 50,
  "org/spongepowered/tools/obfuscation/interfaces/IOptionProvider": 50,
  "org/spongepowered/tools/obfuscation/interfaces/IReferenceManager": 50,
  "org/spongepowered/tools/obfuscation/interfaces/ITypeHandleProvider": 50,
  "org/spongepowered/tools/obfuscation/mapping/IMappingConsumer": 50,
  "org/spongepowered/tools/obfuscation/mapping/IMappingConsumer$MappingSet": 50,
  "org/spongepowered/tools/obfuscation/mapping/IMappingConsumer$MappingSet$Pair": 50,
  "org/spongepowered/tools/obfuscation/mapping/IMappingProvider": 50,
  "org/spongepowered/tools/obfuscation/mapping/IMappingWriter": 50,
  "org/spongepowered/tools/obfuscation/mapping/common/MappingProvider": 50,
  "org/spongepowered/tools/obfuscation/mapping/common/MappingWriter": 50,
  "org/spongepowered/tools/obfuscation/mapping/mcp/MappingProviderSrg": 50,
  "org/spongepowered/tools/obfuscation/mapping/mcp/MappingProviderSrg$1": 50,
  "org/spongepowered/tools/obfuscation/mapping/mcp/MappingWriterSrg": 50,
  "org/spongepowered/tools/obfuscation/mcp/ObfuscationEnvironmentMCP": 50,
  "org/spongepowered/tools/obfuscation/mcp/ObfuscationServiceMCP": 50,
  "org/spongepowered/tools/obfuscation/mirror/AnnotationHandle": 50,
  "org/spongepowered/tools/obfuscation/mirror/FieldHandle": 50,
  "org/spongepowered/tools/obfuscation/mirror/MemberHandle": 50,
  "org/spongepowered/tools/obfuscation/mirror/MethodHandle": 50,
  "org/spongepowered/tools/obfuscation/mirror/TypeHandle": 50,
  "org/spongepowered/tools/obfuscation/mirror/TypeHandleSimulated": 50,
  "org/spongepowered/tools/obfuscation/mirror/TypeReference": 50,
  "org/spongepowered/tools/obfuscation/mirror/TypeUtils": 50,
  "org/spongepowered/tools/obfuscation/mirror/TypeUtils$1": 50,
  "org/spongepowered/tools/obfuscation/mirror/Visibility": 50,
  "org/spongepowered/tools/obfuscation/mirror/mapping/ResolvableMappingMethod": 50,
  "org/spongepowered/tools/obfuscation/service/IObfuscationService": 50,
  "org/spongepowered/tools/obfuscation/service/ObfuscationServices": 50,
  "org/spongepowered/tools/obfuscation/service/ObfuscationTypeDescriptor": 50,
  "org/spongepowered/tools/obfuscation/struct/InjectorRemap": 50,
  "org/spongepowered/tools/obfuscation/struct/Message": 50,
  "org/spongepowered/tools/obfuscation/validation/ParentValidator": 50,
  "org/spongepowered/tools/obfuscation/validation/TargetValidator": 50
}